Ann Kececi
24802381


Name,Overall Place,Grade,Time,Date,Meet,Meet URL,Comments,Photo
Ann Kececi,2024,12,24:46.0PR,No URL found,"Your speed was impressive, but next time, try not to leave the spectators in the dust... literally!",24802381.jpg,,
Ann Kececi,55 ,,24:46.0PR,Sep 7,Bret Clements Bath Invitational (J.V.),https://www.athletic.net/CrossCountry/meet/236875,Nice job! You really finished strong.,24802381.jpg
Ann Kececi,42 ,,26:14.9,Sep 10,SEC Jamboree #1 (Junior Varsity),https://www.athletic.net/CrossCountry/meet/238311,,24802381.jpg

