Calla Sopoci
26328689


Name,Overall Place,Grade,Time,Date,Meet,Meet URL,Comments,Photo
Calla Sopoci,2024,9,24:30.4PR,No URL found,Great effort out there! Keep pushing yourself at the next meet.,26328689.jpg,,
Calla Sopoci,92 ,,26:21.4,Aug 29,37th Early Bird Open (HS Open 5K),https://www.athletic.net/CrossCountry/meet/235827,Way to stay focused during the race! Keep that mindset for the next one.,26328689.jpg
Calla Sopoci,47 ,,24:30.4PR,Sep 7,Bret Clements Bath Invitational (J.V.),https://www.athletic.net/CrossCountry/meet/236875,"I think you might've outrun the course map! Keep it up, and we’ll need GPS tracking.",26328689.jpg
Calla Sopoci,26 ,,25:22.9,Sep 10,SEC Jamboree #1 (Junior Varsity),https://www.athletic.net/CrossCountry/meet/238311,Super strong start! We'll work on keeping that energy the whole race.,26328689.jpg
Calla Sopoci,35 ,,24:58.3,Sep 24,SEC-HS Jamboree #2 (Red) (Reserve Girls),https://www.athletic.net/CrossCountry/meet/238857,,26328689.jpg

