Elin Tenbrink
23349718


Name,Overall Place,Grade,Time,Date,Meet,Meet URL,Comments,Photo
Elin Tenbrink,2024,9,22:09.1PR,No URL found,,23349718.jpg,,
Elin Tenbrink,55 ,,24:13.0,Aug 29,37th Early Bird Open (HS Open 5K),https://www.athletic.net/CrossCountry/meet/235827,Are you sure you're not part cheetah? That was fast!,23349718.jpg
Elin Tenbrink,62 ,,22:30.0,Sep 7,Bret Clements Bath Invitational (Class 1),https://www.athletic.net/CrossCountry/meet/236875,"That was a great race! Next time, try running *on* the path though.",23349718.jpg
Elin Tenbrink,67 ,,24:09.4,Sep 10,SEC Jamboree #1 (Varsity),https://www.athletic.net/CrossCountry/meet/238311,"Nice work! By the way, you know this is a race, not a scenic tour, right?",23349718.jpg
Elin Tenbrink,11 ,,23:19.4,Sep 14,56th Holly-Duane Raffin Festival of Races (D1 JV Girls),https://www.athletic.net/CrossCountry/meet/236072,Excellent job maintaining a steady pace!,23349718.jpg
Elin Tenbrink,164 ,,22:09.1PR,Sep 21,Jackson Invitational (Orange Division (1000 + enrolment)),https://www.athletic.net/CrossCountry/meet/236877,Solid performance today! We'll fine-tune things in practice.,23349718.jpg
Elin Tenbrink,45 ,,22:53.3,Sep 24,SEC-HS Jamboree #2 (Red) (Varsity Girls),https://www.athletic.net/CrossCountry/meet/238857,Way to stay focused during the race! Keep that mindset for the next one.,23349718.jpg

