Gwen Stotts-Walshe
24802677


Name,Overall Place,Grade,Time,Date,Meet,Meet URL,Comments,Photo
Gwen Stotts-Walshe,2024,10,22:20.6PR,No URL found,Super strong start! We'll work on keeping that energy the whole race.,24802677.jpg,,
Gwen Stotts-Walshe,53 ,,24:07.2,Aug 29,37th Early Bird Open (HS Open 5K),https://www.athletic.net/CrossCountry/meet/235827,,24802677.jpg
Gwen Stotts-Walshe,72 ,,22:50.0,Sep 7,Bret Clements Bath Invitational (Class 1),https://www.athletic.net/CrossCountry/meet/236875,,24802677.jpg
Gwen Stotts-Walshe,-- ,,,Sep 10,SEC Jamboree #1 (Junior Varsity),https://www.athletic.net/CrossCountry/meet/238311,,24802677.jpg
Gwen Stotts-Walshe,7 ,,23:00.7,Sep 14,56th Holly-Duane Raffin Festival of Races (D1 JV Girls),https://www.athletic.net/CrossCountry/meet/236072,"Nice work! By the way, you know this is a race, not a scenic tour, right?",24802677.jpg
Gwen Stotts-Walshe,191 ,,22:41.4,Sep 21,Jackson Invitational (Orange Division (1000 + enrolment)),https://www.athletic.net/CrossCountry/meet/236877,Awesome race! Let's look at where we can shave off a few more seconds.,24802677.jpg
Gwen Stotts-Walshe,2 ,,22:20.6PR,Sep 24,SEC-HS Jamboree #2 (Red) (Reserve Girls),https://www.athletic.net/CrossCountry/meet/238857,"Your speed was impressive, but next time, try not to leave the spectators in the dust... literally!",24802677.jpg

