Lila Edison
23349671


Name,Overall Place,Grade,Time,Date,Meet,Meet URL,Comments,Photo
Lila Edison,2024,9,20:46.2PR,No URL found,Great run! If only we could bottle that energy for Monday mornings.,23349671.jpg,,
Lila Edison,12 ,,21:03.4,Aug 29,37th Early Bird Open (HS Open 5K),https://www.athletic.net/CrossCountry/meet/235827,"Well, you didn’t set a world record, but you definitely set a team snack record!",23349671.jpg
Lila Edison,33 ,,20:55.2,Sep 7,Bret Clements Bath Invitational (Class 1),https://www.athletic.net/CrossCountry/meet/236875,,23349671.jpg
Lila Edison,-- ,,,Sep 10,SEC Jamboree #1 (Varsity),https://www.athletic.net/CrossCountry/meet/238311,Way to stay focused during the race! Keep that mindset for the next one.,23349671.jpg
Lila Edison,41 ,,21:47.4,Sep 14,56th Holly-Duane Raffin Festival of Races (D1 Girls),https://www.athletic.net/CrossCountry/meet/236072,"You really pushed hard in that final mile, awesome finish!",23349671.jpg
Lila Edison,94 ,,20:46.2PR,Sep 21,Jackson Invitational (Orange Division (1000 + enrolment)),https://www.athletic.net/CrossCountry/meet/236877,Great effort out there! Keep pushing yourself at the next meet.,23349671.jpg

