Livi Byers
26322051


Name,Overall Place,Grade,Time,Date,Meet,Meet URL,Comments,Photo
Livi Byers,2024,9,32:01.7PR,No URL found,,26322051.jpg,,
Livi Byers,98 ,,33:54.1,Sep 10,SEC Jamboree #1 (Junior Varsity),https://www.athletic.net/CrossCountry/meet/238311,"Your speed was impressive, but next time, try not to leave the spectators in the dust... literally!",26322051.jpg
Livi Byers,184 ,,33:54.6,Sep 14,56th Holly-Duane Raffin Festival of Races (D1 JV Girls),https://www.athletic.net/CrossCountry/meet/236072,,26322051.jpg
Livi Byers,99 ,,32:01.7PR,Sep 24,SEC-HS Jamboree #2 (Red) (Reserve Girls),https://www.athletic.net/CrossCountry/meet/238857,,26322051.jpg

