Nina Beals
23564881


Name,Overall Place,Grade,Time,Date,Meet,Meet URL,Comments,Photo
Nina Beals,2023,10,26:05.4,No URL found,You made some great moves on the hills. Keep working on your endurance.,23564881.jpg,,
Nina Beals,2024,11,25:37.4PR *,No URL found,,23564881.jpg,,
Nina Beals,81 ,,25:37.4PR,Sep 7,Bret Clements Bath Invitational (J.V.),https://www.athletic.net/CrossCountry/meet/236875,You were flying today! Keep up that momentum!,23564881.jpg
Nina Beals,49 ,,26:56.3,Sep 10,SEC Jamboree #1 (Junior Varsity),https://www.athletic.net/CrossCountry/meet/238311,,23564881.jpg
Nina Beals,98 ,,27:19.2,Sep 14,56th Holly-Duane Raffin Festival of Races (D1 JV Girls),https://www.athletic.net/CrossCountry/meet/236072,Your pacing was solid today. Let's focus on maintaining it throughout the race.,23564881.jpg
Nina Beals,73 ,,26:52.3,Aug 31,Early Bird Open (Open Women's 5K),https://www.athletic.net/CrossCountry/meet/223660,,23564881.jpg
Nina Beals,61 ,,26:05.4 SR,Oct 28,Post Regional Open Meet (PROM) - Springfiled Oaks,https://www.athletic.net/CrossCountry/meet/229906,Solid performance today! We'll fine-tune things in practice.,23564881.jpg

