Ruthie Scott
23349715


Name,Overall Place,Grade,Time,Date,Meet,Meet URL,Comments,Photo
Ruthie Scott,2024,10,24:20.8PR,No URL found,You made some great moves on the hills. Keep working on your endurance.,23349715.jpg,,
Ruthie Scott,42 ,,24:20.8PR,Sep 7,Bret Clements Bath Invitational (J.V.),https://www.athletic.net/CrossCountry/meet/236875,"Your speed was impressive, but next time, try not to leave the spectators in the dust... literally!",23349715.jpg
Ruthie Scott,31 ,,25:31.0,Sep 10,SEC Jamboree #1 (Junior Varsity),https://www.athletic.net/CrossCountry/meet/238311,Excellent job maintaining a steady pace!,23349715.jpg
Ruthie Scott,52 ,,25:23.0,Sep 14,56th Holly-Duane Raffin Festival of Races (D1 JV Girls),https://www.athletic.net/CrossCountry/meet/236072,,23349715.jpg
Ruthie Scott,28 ,,24:45.3,Sep 24,SEC-HS Jamboree #2 (Red) (Reserve Girls),https://www.athletic.net/CrossCountry/meet/238857,,23349715.jpg

