56th Holly-Duane Raffin Festival of Races Mens 5000 Meters D1 JV Boys
Sat Sep 14 2024
https://www.athletic.net/CrossCountry/meet/236072/results/944163
"<p>The Ann Arbor Skyline JV Boys team delivered a strong performance at the 56th Holly-Duane Raffin Festival of Races, finishing in 3rd place overall with 72 points. The team’s impressive consistency and depth were on full display during the 5,000-meter race.</p><p>Freshman <span class=""athlete"">Oskar MacArthur</span> led the Skyline pack, finishing in <time>17:57.7</time>, followed closely by freshman <span class=""athlete"">Martin Gehrke</span> at <time>17:58.8</time>. Both runners broke the 18-minute barrier, setting the pace for the team.</p><p>Sophomore <span class=""athlete"">Dylan Hanley</span> clocked in at <time>18:13.9</time>, with junior <span class=""athlete"">Parker Razelun</span> finishing in <time>18:21.8</time>. Rounding out the top five for Skyline, sophomore <span class=""athlete"">Santiago Valenzuela</span> crossed the line at <time>18:56.7</time>, capping off a solid team performance.</p><p>The close grouping of Skyline’s top runners helped secure their strong placement, setting the stage for a promising season ahead.</p>"
Place,Team,Score
1,Holly,43
2,Salem,52
3,Midland,72
4,Ann Arbor Skyline,128
5,Troy,181
6,Dexter,212
7,Utica Ford,230
8,Canton,255
9,Detroit Catholic Central,270
10,Midland Dow,297
11,Rochester Adams,298
12,Oxford,321
13,Howell,340
14,Plymouth,399
15,Romeo,400
16,Hartland,476
17,Livonia Stevenson,506
18,Utica Eisenhower,527
19,Davison,580
20,Lake Orion,581

Place,Grade,Name,Athlete Link,Time,Team,Team Link,Profile Pic
1.,11,John Niemenski,https://www.athletic.net/athlete/19109794/cross-country,17:28.2,Salem,https://www.athletic.net/athlete/19109794/cross-country,19109794.jpg
2.,9,Asa Konwinski,https://www.athletic.net/athlete/26407449/cross-country,17:28.3,Troy,https://www.athletic.net/athlete/26407449/cross-country,26407449.jpg
3.,12,Max Martin,https://www.athletic.net/athlete/18687802/cross-country,17:50.9,Salem,https://www.athletic.net/athlete/18687802/cross-country,18687802.jpg
4.,10,Logan Gessford,https://www.athletic.net/athlete/17392592/cross-country,17:51.9,Midland,https://www.athletic.net/athlete/17392592/cross-country,17392592.jpg
5.,9,Elliot King,https://www.athletic.net/athlete/18820139/cross-country,17:52.2,Midland,https://www.athletic.net/athlete/18820139/cross-country,18820139.jpg
6.,9,Oskar MacArthur,https://www.athletic.net/athlete/23349698/cross-country,17:57.7,Ann Arbor Skyline,https://www.athletic.net/athlete/23349698/cross-country,23349698.jpg
7.,9,Martin Gehrke,https://www.athletic.net/athlete/19203161/cross-country,17:58.8,Ann Arbor Skyline,https://www.athletic.net/athlete/19203161/cross-country,19203161.jpg
8.,11,Luke James,https://www.athletic.net/athlete/15769374/cross-country,17:59.6,Midland,https://www.athletic.net/athlete/15769374/cross-country,15769374.jpg
9.,11,Joey Light,https://www.athletic.net/athlete/21227995/cross-country,18:00.7,Troy,https://www.athletic.net/athlete/21227995/cross-country,21227995.jpg
10.,10,Connor Murphy,https://www.athletic.net/athlete/17392598/cross-country,18:03.8,Midland,https://www.athletic.net/athlete/17392598/cross-country,17392598.jpg
11.,10,Adam Burns,https://www.athletic.net/athlete/23576995/cross-country,18:04.4,Salem,https://www.athletic.net/athlete/23576995/cross-country,23576995.jpg
12.,10,Samuel Batt,https://www.athletic.net/athlete/23463629/cross-country,18:10.1,Salem,https://www.athletic.net/athlete/23463629/cross-country,23463629.jpg
13.,10,Dylan Hanley,https://www.athletic.net/athlete/23349680/cross-country,18:13.9,Ann Arbor Skyline,https://www.athletic.net/athlete/23349680/cross-country,23349680.jpg
14.,10,Kamden O'Donnell,https://www.athletic.net/athlete/23587340/cross-country,18:16.4,Canton,https://www.athletic.net/athlete/23587340/cross-country,23587340.jpg
15.,12,Parker Razelun,https://www.athletic.net/athlete/18820257/cross-country,18:21.8,Ann Arbor Skyline,https://www.athletic.net/athlete/18820257/cross-country,18820257.jpg
16.,11,Henryk Fidler,https://www.athletic.net/athlete/26363387/cross-country,18:23.7,Salem,https://www.athletic.net/athlete/26363387/cross-country,26363387.jpg
17.,9,Michael Secord,https://www.athletic.net/athlete/18983314/cross-country,18:31.7,Oxford,https://www.athletic.net/athlete/18983314/cross-country,18983314.jpg
18.,10,Luke Allen,https://www.athletic.net/athlete/24058325/cross-country,18:33.4,Salem,https://www.athletic.net/athlete/24058325/cross-country,24058325.jpg
19.,11,Elijah Good,https://www.athletic.net/athlete/23561906/cross-country,18:39.8,Midland Dow,https://www.athletic.net/athlete/23561906/cross-country,23561906.jpg
20.,10,Takeru Kikuta,https://www.athletic.net/athlete/23587329/cross-country,18:40.5,Canton,https://www.athletic.net/athlete/23587329/cross-country,23587329.jpg
21.,12,Nicholas Jesse,https://www.athletic.net/athlete/20248414/cross-country,18:41.2,Utica Ford,https://www.athletic.net/athlete/20248414/cross-country,20248414.jpg
22.,12,Matthew McGill,https://www.athletic.net/athlete/18072795/cross-country,18:42.3,Dexter,https://www.athletic.net/athlete/18072795/cross-country,18072795.jpg
23.,11,Victor Zhu,https://www.athletic.net/athlete/21499773/cross-country,18:44.9,Salem,https://www.athletic.net/athlete/21499773/cross-country,21499773.jpg
24.,11,Mason Tines,https://www.athletic.net/athlete/22518849/cross-country,18:46.2,Oxford,https://www.athletic.net/athlete/22518849/cross-country,22518849.jpg
25.,9,Bradley Chesney,https://www.athletic.net/athlete/20204589/cross-country,18:47.1,Midland,https://www.athletic.net/athlete/20204589/cross-country,20204589.jpg
26.,10,Joey (Joseph) Schmitz,https://www.athletic.net/athlete/24559394/cross-country,18:50.2,Detroit Catholic Central,https://www.athletic.net/athlete/24559394/cross-country,24559394.jpg
27.,10,Burke Smith,https://www.athletic.net/athlete/19005053/cross-country,18:50.2,Dexter,https://www.athletic.net/athlete/19005053/cross-country,19005053.jpg
28.,10,Dustin Wright,https://www.athletic.net/athlete/20204899/cross-country,18:51.3,Midland,https://www.athletic.net/athlete/20204899/cross-country,20204899.jpg
29.,10,Alex Niehaus,https://www.athletic.net/athlete/23616301/cross-country,18:51.3,Plymouth,https://www.athletic.net/athlete/23616301/cross-country,23616301.jpg
30.,10,Josh Bengry,https://www.athletic.net/athlete/22839191/cross-country,18:54.0,Davison,https://www.athletic.net/athlete/22839191/cross-country,22839191.jpg
31.,10,Santiago Valenzuela,https://www.athletic.net/athlete/23821078/cross-country,18:56.7,Ann Arbor Skyline,https://www.athletic.net/athlete/23821078/cross-country,23821078.jpg
32.,10,Raphael Fournier,https://www.athletic.net/athlete/23564875/cross-country,18:57.1,Ann Arbor Skyline,https://www.athletic.net/athlete/23564875/cross-country,23564875.jpg
33.,9,Roman Stilwell,https://www.athletic.net/athlete/25989957/cross-country,18:57.1,Ann Arbor Skyline,https://www.athletic.net/athlete/25989957/cross-country,25989957.jpg
34.,9,Harrison Worsley,https://www.athletic.net/athlete/18858852/cross-country,19:00.6,Midland,https://www.athletic.net/athlete/18858852/cross-country,18858852.jpg
35.,10,Jacob Sanders,https://www.athletic.net/athlete/17392604/cross-country,19:01.1,Midland,https://www.athletic.net/athlete/17392604/cross-country,17392604.jpg
36.,12,Aaron Sun,https://www.athletic.net/athlete/18864176/cross-country,19:03.9,Troy,https://www.athletic.net/athlete/18864176/cross-country,18864176.jpg
37.,12,Richard Qu,https://www.athletic.net/athlete/21228003/cross-country,19:06.1,Troy,https://www.athletic.net/athlete/21228003/cross-country,21228003.jpg
38.,9,Daniel Broderick,https://www.athletic.net/athlete/20236894/cross-country,19:06.7,Midland Dow,https://www.athletic.net/athlete/20236894/cross-country,20236894.jpg
39.,10,Hudson McCleskey,https://www.athletic.net/athlete/21411269/cross-country,19:07.1,Dexter,https://www.athletic.net/athlete/21411269/cross-country,21411269.jpg
40.,12,Owen Mantie,https://www.athletic.net/athlete/21138156/cross-country,19:07.8,Utica Ford,https://www.athletic.net/athlete/21138156/cross-country,21138156.jpg
41.,12,Henry Strait,https://www.athletic.net/athlete/22288700/cross-country,19:08.0,Ann Arbor Skyline,https://www.athletic.net/athlete/22288700/cross-country,22288700.jpg
42.,9,Elliot Daley,https://www.athletic.net/athlete/26322015/cross-country,19:12.0,Ann Arbor Skyline,https://www.athletic.net/athlete/26322015/cross-country,26322015.jpg
43.,11,Marlowe Hartnett,https://www.athletic.net/athlete/21147174/cross-country,19:14.5,Ann Arbor Skyline,https://www.athletic.net/athlete/21147174/cross-country,21147174.jpg
44.,10,Boston Conn,https://www.athletic.net/athlete/21372259/cross-country,19:17.8,Howell,https://www.athletic.net/athlete/21372259/cross-country,21372259.jpg
45.,11,Nico Mangino,https://www.athletic.net/athlete/21126616/cross-country,19:17.9,Utica Ford,https://www.athletic.net/athlete/21126616/cross-country,21126616.jpg
46.,12,Jackson Cichewicz,https://www.athletic.net/athlete/26322046/cross-country,19:19.5,Ann Arbor Skyline,https://www.athletic.net/athlete/26322046/cross-country,26322046.jpg
47.,10,Luke Nagy,https://www.athletic.net/athlete/23596551/cross-country,19:21.4,Rochester Adams,https://www.athletic.net/athlete/23596551/cross-country,23596551.jpg
48.,11,Dillon Pham,https://www.athletic.net/athlete/22684111/cross-country,19:22.5,Utica Ford,https://www.athletic.net/athlete/22684111/cross-country,22684111.jpg
49.,9,Oliver Borek,https://www.athletic.net/athlete/26340457/cross-country,19:22.9,Detroit Catholic Central,https://www.athletic.net/athlete/26340457/cross-country,26340457.jpg
50.,10,Triston Thompson,https://www.athletic.net/athlete/20134819/cross-country,19:23.1,Dexter,https://www.athletic.net/athlete/20134819/cross-country,20134819.jpg
51.,11,Christopher Gatto,https://www.athletic.net/athlete/22482451/cross-country,19:23.1,Troy,https://www.athletic.net/athlete/22482451/cross-country,22482451.jpg
52.,10,Graham Murphy,https://www.athletic.net/athlete/23584596/cross-country,19:24.0,Plymouth,https://www.athletic.net/athlete/23584596/cross-country,23584596.jpg
53.,11,Jeawon Lee,https://www.athletic.net/athlete/21227993/cross-country,19:25.6,Troy,https://www.athletic.net/athlete/21227993/cross-country,21227993.jpg
54.,10,Quentin McRae,https://www.athletic.net/athlete/20134563/cross-country,19:27.5,Dexter,https://www.athletic.net/athlete/20134563/cross-country,20134563.jpg
55.,10,Charles Franklin,https://www.athletic.net/athlete/26294165/cross-country,19:28.2,Midland Dow,https://www.athletic.net/athlete/26294165/cross-country,26294165.jpg
56.,9,Jacob Thayer,https://www.athletic.net/athlete/20204877/cross-country,19:28.3,Midland,https://www.athletic.net/athlete/20204877/cross-country,20204877.jpg
57.,12,Fadi Dardar,https://www.athletic.net/athlete/19825356/cross-country,19:29.1,Troy,https://www.athletic.net/athlete/19825356/cross-country,19825356.jpg
58.,11,Seamus Murphy,https://www.athletic.net/athlete/15694997/cross-country,19:32.6,Romeo,https://www.athletic.net/athlete/15694997/cross-country,15694997.jpg
59.,9,Kelton Kyro,https://www.athletic.net/athlete/18820140/cross-country,19:33.2,Midland,https://www.athletic.net/athlete/18820140/cross-country,18820140.jpg
60.,10,William Jeffords,https://www.athletic.net/athlete/23547243/cross-country,19:34.0,Detroit Catholic Central,https://www.athletic.net/athlete/23547243/cross-country,23547243.jpg
61.,12,Sriram Yeshaswi Godugula,https://www.athletic.net/athlete/21227989/cross-country,19:35.8,Troy,https://www.athletic.net/athlete/21227989/cross-country,21227989.jpg
62.,10,Jonathon Ebbole,https://www.athletic.net/athlete/23596546/cross-country,19:36.2,Rochester Adams,https://www.athletic.net/athlete/23596546/cross-country,23596546.jpg
63.,9,Finnian Rawsthorne,https://www.athletic.net/athlete/24367449/cross-country,19:39.8,Grand Blanc,https://www.athletic.net/athlete/24367449/cross-country,24367449.jpg
64.,12,Conrad Kohl,https://www.athletic.net/athlete/18864162/cross-country,19:40.6,Troy,https://www.athletic.net/athlete/18864162/cross-country,18864162.jpg
65.,12,Brayden Creedon,https://www.athletic.net/athlete/18772182/cross-country,19:40.9,Canton,https://www.athletic.net/athlete/18772182/cross-country,18772182.jpg
66.,10,Peter Mann,https://www.athletic.net/athlete/23561895/cross-country,19:41.5,Midland Dow,https://www.athletic.net/athlete/23561895/cross-country,23561895.jpg
67.,10,Alex Pelukas,https://www.athletic.net/athlete/19117424/cross-country,19:43.6,Salem,https://www.athletic.net/athlete/19117424/cross-country,19117424.jpg
68.,10,Keagan Wright,https://www.athletic.net/athlete/17456113/cross-country,19:44.6,Howell,https://www.athletic.net/athlete/17456113/cross-country,17456113.jpg
69.,12,Levi Whitehead,https://www.athletic.net/athlete/19822121/cross-country,19:47.9,Dexter,https://www.athletic.net/athlete/19822121/cross-country,19822121.jpg
70.,11,James Mihelich,https://www.athletic.net/athlete/22482467/cross-country,19:50.2,Troy,https://www.athletic.net/athlete/22482467/cross-country,22482467.jpg
71.,11,Matthew Buchanan,https://www.athletic.net/athlete/15806737/cross-country,19:50.5,Oxford,https://www.athletic.net/athlete/15806737/cross-country,15806737.jpg
72.,9,Adam Ogamba,https://www.athletic.net/athlete/25496881/cross-country,19:51.1,Midland,https://www.athletic.net/athlete/25496881/cross-country,25496881.jpg
73.,10,Daniel Badel,https://www.athletic.net/athlete/23547237/cross-country,19:51.9,Detroit Catholic Central,https://www.athletic.net/athlete/23547237/cross-country,23547237.jpg
74.,12,Micah Winchell,https://www.athletic.net/athlete/21147172/cross-country,19:52.1,Ann Arbor Skyline,https://www.athletic.net/athlete/21147172/cross-country,21147172.jpg
75.,10,William Austin,https://www.athletic.net/athlete/23627753/cross-country,19:52.8,Troy,https://www.athletic.net/athlete/23627753/cross-country,23627753.jpg
76.,12,Aidan Petik,https://www.athletic.net/athlete/15988499/cross-country,19:54.4,Dexter,https://www.athletic.net/athlete/15988499/cross-country,15988499.jpg
77.,9,David Torrey,https://www.athletic.net/athlete/21254807/cross-country,19:54.5,Hartland,https://www.athletic.net/athlete/21254807/cross-country,21254807.jpg
78.,9,Avery Jones,https://www.athletic.net/athlete/26363383/cross-country,19:54.6,Salem,https://www.athletic.net/athlete/26363383/cross-country,26363383.jpg
79.,9,Grayson Diadiun,https://www.athletic.net/athlete/23094697/cross-country,19:54.7,Howell,https://www.athletic.net/athlete/23094697/cross-country,23094697.jpg
80.,12,Matthew Collins,https://www.athletic.net/athlete/26201768/cross-country,19:54.8,Canton,https://www.athletic.net/athlete/26201768/cross-country,26201768.jpg
81.,9,Owen Healy,https://www.athletic.net/athlete/22820279/cross-country,19:55.1,Dexter,https://www.athletic.net/athlete/22820279/cross-country,22820279.jpg
82.,11,Akshay Duvvuru,https://www.athletic.net/athlete/21231531/cross-country,19:55.5,Rochester Adams,https://www.athletic.net/athlete/21231531/cross-country,21231531.jpg
83.,12,Tanav Ray,https://www.athletic.net/athlete/20093843/cross-country,19:57.3,Rochester Adams,https://www.athletic.net/athlete/20093843/cross-country,20093843.jpg
84.,9,Anderson Harden,https://www.athletic.net/athlete/21411260/cross-country,19:58.9,Dexter,https://www.athletic.net/athlete/21411260/cross-country,21411260.jpg
85.,9,Landon Seidel,https://www.athletic.net/athlete/26371031/cross-country,19:59.3,Livonia Stevenson,https://www.athletic.net/athlete/26371031/cross-country,26371031.jpg
86.,10,Derrick Clark,https://www.athletic.net/athlete/24900624/cross-country,20:00.6,Utica Ford,https://www.athletic.net/athlete/24900624/cross-country,24900624.jpg
87.,12,Joshua Felstow,https://www.athletic.net/athlete/22183705/cross-country,20:07.5,Romeo,https://www.athletic.net/athlete/22183705/cross-country,22183705.jpg
88.,10,Austin Steimel,https://www.athletic.net/athlete/23596556/cross-country,20:08.1,Rochester Adams,https://www.athletic.net/athlete/23596556/cross-country,23596556.jpg
89.,9,Eddie Nolan,https://www.athletic.net/athlete/26388933/cross-country,20:09.0,Troy Athens,https://www.athletic.net/athlete/26388933/cross-country,26388933.jpg
90.,12,Blake Cabble,https://www.athletic.net/athlete/15989133/cross-country,20:09.5,Dexter,https://www.athletic.net/athlete/15989133/cross-country,15989133.jpg
91.,9,Alexander Klenczar,https://www.athletic.net/athlete/26407448/cross-country,20:10.4,Troy,https://www.athletic.net/athlete/26407448/cross-country,26407448.jpg
92.,12,Evan McGahey,https://www.athletic.net/athlete/18864167/cross-country,20:10.8,Troy,https://www.athletic.net/athlete/18864167/cross-country,18864167.jpg
93.,10,Corbin Frazier,https://www.athletic.net/athlete/17392590/cross-country,20:12.1,Midland,https://www.athletic.net/athlete/17392590/cross-country,17392590.jpg
94.,9,George Watson,https://www.athletic.net/athlete/26144643/cross-country,20:12.7,Detroit Catholic Central,https://www.athletic.net/athlete/26144643/cross-country,26144643.jpg
95.,9,Emmett Strait,https://www.athletic.net/athlete/26322025/cross-country,20:13.1,Ann Arbor Skyline,https://www.athletic.net/athlete/26322025/cross-country,26322025.jpg
96.,9,Carter Davis,https://www.athletic.net/athlete/22454206/cross-country,20:13.7,Midland,https://www.athletic.net/athlete/22454206/cross-country,22454206.jpg
97.,10,Christopher Lair,https://www.athletic.net/athlete/23627765/cross-country,20:14.6,Troy,https://www.athletic.net/athlete/23627765/cross-country,23627765.jpg
98.,9,Jacob Brox,https://www.athletic.net/athlete/19088555/cross-country,20:15.6,Grand Blanc,https://www.athletic.net/athlete/19088555/cross-country,19088555.jpg
99.,10,Brennan Smith,https://www.athletic.net/athlete/23547252/cross-country,20:17.3,Detroit Catholic Central,https://www.athletic.net/athlete/23547252/cross-country,23547252.jpg
100.,9,Connor Hui,https://www.athletic.net/athlete/12450853/cross-country,20:17.5,Hartland,https://www.athletic.net/athlete/12450853/cross-country,12450853.jpg
101.,9,Blake Jones,https://www.athletic.net/athlete/26358786/cross-country,20:18.2,Romeo,https://www.athletic.net/athlete/26358786/cross-country,26358786.jpg
102.,12,Jayden Zhang,https://www.athletic.net/athlete/18262412/cross-country,20:20.5,Howell,https://www.athletic.net/athlete/18262412/cross-country,18262412.jpg
103.,9,Michael Harris,https://www.athletic.net/athlete/26348517/cross-country,20:21.0,Canton,https://www.athletic.net/athlete/26348517/cross-country,26348517.jpg
104.,9,Luciano (Lu) Rozum,https://www.athletic.net/athlete/26144639/cross-country,20:22.0,Detroit Catholic Central,https://www.athletic.net/athlete/26144639/cross-country,26144639.jpg
105.,10,Matthew Boone,https://www.athletic.net/athlete/23596545/cross-country,20:24.6,Rochester Adams,https://www.athletic.net/athlete/23596545/cross-country,23596545.jpg
106.,10,Nicholas Oliveira,https://www.athletic.net/athlete/19100774/cross-country,20:25.7,Canton,https://www.athletic.net/athlete/19100774/cross-country,19100774.jpg
107.,11,Xander Bonnau,https://www.athletic.net/athlete/21170661/cross-country,20:26.7,Plymouth,https://www.athletic.net/athlete/21170661/cross-country,21170661.jpg
108.,12,Jack Koivu,https://www.athletic.net/athlete/15853305/cross-country,20:29.3,Hartland,https://www.athletic.net/athlete/15853305/cross-country,15853305.jpg
109.,12,Benjamin Pryor,https://www.athletic.net/athlete/20009412/cross-country,20:32.2,Salem,https://www.athletic.net/athlete/20009412/cross-country,20009412.jpg
110.,12,Nolan Viviano,https://www.athletic.net/athlete/22214589/cross-country,20:34.0,Utica Eisenhower,https://www.athletic.net/athlete/22214589/cross-country,22214589.jpg
111.,10,Sam Burkinshaw,https://www.athletic.net/athlete/21229501/cross-country,20:34.4,Midland,https://www.athletic.net/athlete/21229501/cross-country,21229501.jpg
112.,9,Everett Galindo,https://www.athletic.net/athlete/26367165/cross-country,20:35.3,Plymouth,https://www.athletic.net/athlete/26367165/cross-country,26367165.jpg
113.,10,Matthew Barnes,https://www.athletic.net/athlete/23094692/cross-country,20:36.4,Howell,https://www.athletic.net/athlete/23094692/cross-country,23094692.jpg
114.,10,Aidan Kocoloski,https://www.athletic.net/athlete/23621135/cross-country,20:36.4,Livonia Stevenson,https://www.athletic.net/athlete/23621135/cross-country,23621135.jpg
115.,10,Phylip Elliott,https://www.athletic.net/athlete/23636797/cross-country,20:39.6,Ann Arbor Skyline,https://www.athletic.net/athlete/23636797/cross-country,23636797.jpg
116.,9,Leo Chi,https://www.athletic.net/athlete/26460401/cross-country,20:40.6,Ann Arbor Skyline,https://www.athletic.net/athlete/26460401/cross-country,26460401.jpg
117.,11,Kazutaka Suzuki,https://www.athletic.net/athlete/24847515/cross-country,20:41.0,Canton,https://www.athletic.net/athlete/24847515/cross-country,24847515.jpg
118.,10,Bennett Thomas,https://www.athletic.net/athlete/23559619/cross-country,20:41.1,Dexter,https://www.athletic.net/athlete/23559619/cross-country,23559619.jpg
119.,9,Liam Grimm,https://www.athletic.net/athlete/21411258/cross-country,20:41.5,Dexter,https://www.athletic.net/athlete/21411258/cross-country,21411258.jpg
120.,11,Gavin Ward,https://www.athletic.net/athlete/21104317/cross-country,20:43.7,Salem,https://www.athletic.net/athlete/21104317/cross-country,21104317.jpg
121.,11,Erick Baczewski,https://www.athletic.net/athlete/15769366/cross-country,20:44.3,Midland,https://www.athletic.net/athlete/15769366/cross-country,15769366.jpg
122.,12,Luke Goodman,https://www.athletic.net/athlete/12284210/cross-country,20:46.9,Hartland,https://www.athletic.net/athlete/12284210/cross-country,12284210.jpg
123.,9,Noah Kraegel,https://www.athletic.net/athlete/26416133/cross-country,20:49.4,Rochester Adams,https://www.athletic.net/athlete/26416133/cross-country,26416133.jpg
124.,12,Alexander Elliot,https://www.athletic.net/athlete/18847302/cross-country,20:51.7,Utica Eisenhower,https://www.athletic.net/athlete/18847302/cross-country,18847302.jpg
125.,10,Luke Wegienka,https://www.athletic.net/athlete/23547254/cross-country,20:52.0,Detroit Catholic Central,https://www.athletic.net/athlete/23547254/cross-country,23547254.jpg
126.,9,Alex Jedizejowski,https://www.athletic.net/athlete/26371027/cross-country,20:52.6,Livonia Stevenson,https://www.athletic.net/athlete/26371027/cross-country,26371027.jpg
127.,11,Kasen Salazar,https://www.athletic.net/athlete/21092109/cross-country,20:54.6,Dexter,https://www.athletic.net/athlete/21092109/cross-country,21092109.jpg
128.,10,Connor Mallie,https://www.athletic.net/athlete/23547246/cross-country,20:54.7,Detroit Catholic Central,https://www.athletic.net/athlete/23547246/cross-country,23547246.jpg
129.,9,Augustus MacIntyre,https://www.athletic.net/athlete/18969991/cross-country,20:58.1,Howell,https://www.athletic.net/athlete/18969991/cross-country,18969991.jpg
130.,9,Dylan Chamberlin,https://www.athletic.net/athlete/26388319/cross-country,20:58.9,Howell,https://www.athletic.net/athlete/26388319/cross-country,26388319.jpg
131.,10,Skyler Stepp,https://www.athletic.net/athlete/23705524/cross-country,21:00.0,Howell,https://www.athletic.net/athlete/23705524/cross-country,23705524.jpg
132.,10,Jaxon Perry,https://www.athletic.net/athlete/15872242/cross-country,21:00.7,Hartland,https://www.athletic.net/athlete/15872242/cross-country,15872242.jpg
133.,9,Jaxon Seibold,https://www.athletic.net/athlete/23313688/cross-country,21:00.8,Lake Orion,https://www.athletic.net/athlete/23313688/cross-country,23313688.jpg
134.,10,Daniel Rudolph,https://www.athletic.net/athlete/24900610/cross-country,21:00.9,Utica Ford,https://www.athletic.net/athlete/24900610/cross-country,24900610.jpg
135.,10,Zachary Noel,https://www.athletic.net/athlete/23547249/cross-country,21:01.6,Detroit Catholic Central,https://www.athletic.net/athlete/23547249/cross-country,23547249.jpg
136.,9,John Frabis,https://www.athletic.net/athlete/26406902/cross-country,21:03.3,Utica Eisenhower,https://www.athletic.net/athlete/26406902/cross-country,26406902.jpg
137.,10,Henry Park,https://www.athletic.net/athlete/24847133/cross-country,21:05.8,Canton,https://www.athletic.net/athlete/24847133/cross-country,24847133.jpg
138.,11,Brady Beauchamp,https://www.athletic.net/athlete/21104310/cross-country,21:06.8,Salem,https://www.athletic.net/athlete/21104310/cross-country,21104310.jpg
139.,10,Justin Butkiewicz,https://www.athletic.net/athlete/20464721/cross-country,21:07.5,Oxford,https://www.athletic.net/athlete/20464721/cross-country,20464721.jpg
140.,9,Pranav Manivannan,https://www.athletic.net/athlete/26407454/cross-country,21:08.2,Troy,https://www.athletic.net/athlete/26407454/cross-country,26407454.jpg
141.,11,Armaan Grewal,https://www.athletic.net/athlete/22208728/cross-country,21:08.4,Plymouth,https://www.athletic.net/athlete/22208728/cross-country,22208728.jpg
142.,10,Andrew Pierfelice,https://www.athletic.net/athlete/23591977/cross-country,21:09.1,Salem,https://www.athletic.net/athlete/23591977/cross-country,23591977.jpg
143.,9,Nick Kopacz,https://www.athletic.net/athlete/26144638/cross-country,21:09.8,Detroit Catholic Central,https://www.athletic.net/athlete/26144638/cross-country,26144638.jpg
144.,12,Thanush Pantra,https://www.athletic.net/athlete/21228002/cross-country,21:11.1,Troy,https://www.athletic.net/athlete/21228002/cross-country,21228002.jpg
145.,10,Ryan Obry,https://www.athletic.net/athlete/24882047/cross-country,21:11.7,Oxford,https://www.athletic.net/athlete/24882047/cross-country,24882047.jpg
146.,10,William Abbott,https://www.athletic.net/athlete/23596265/cross-country,21:12.6,Detroit Catholic Central,https://www.athletic.net/athlete/23596265/cross-country,23596265.jpg
147.,10,Ryan Huang,https://www.athletic.net/athlete/23627761/cross-country,21:12.7,Troy,https://www.athletic.net/athlete/23627761/cross-country,23627761.jpg
148.,11,Aaron Alleman,https://www.athletic.net/athlete/21231525/cross-country,21:14.5,Rochester Adams,https://www.athletic.net/athlete/21231525/cross-country,21231525.jpg
149.,11,Charles Gilbert,https://www.athletic.net/athlete/18879247/cross-country,21:16.4,Romeo,https://www.athletic.net/athlete/18879247/cross-country,18879247.jpg
150.,11,Jack Grossman,https://www.athletic.net/athlete/21143861/cross-country,21:18.7,Howell,https://www.athletic.net/athlete/21143861/cross-country,21143861.jpg
151.,10,Evan Rentsch,https://www.athletic.net/athlete/17392602/cross-country,21:21.0,Midland,https://www.athletic.net/athlete/17392602/cross-country,17392602.jpg
152.,12,Pelon Lin,https://www.athletic.net/athlete/18864165/cross-country,21:21.0,Troy,https://www.athletic.net/athlete/18864165/cross-country,18864165.jpg
153.,10,Ben Sanko,https://www.athletic.net/athlete/26436104/cross-country,21:25.7,Detroit Catholic Central,https://www.athletic.net/athlete/26436104/cross-country,26436104.jpg
154.,9,Owen Nytko,https://www.athletic.net/athlete/21450185/cross-country,21:26.0,Romeo,https://www.athletic.net/athlete/21450185/cross-country,21450185.jpg
155.,11,Noah Reggio,https://www.athletic.net/athlete/12421210/cross-country,21:28.6,Romeo,https://www.athletic.net/athlete/12421210/cross-country,12421210.jpg
156.,12,Zach McMahon,https://www.athletic.net/athlete/18687798/cross-country,21:30.8,Salem,https://www.athletic.net/athlete/18687798/cross-country,18687798.jpg
157.,11,Avery Kromberg,https://www.athletic.net/athlete/15872252/cross-country,21:31.5,Hartland,https://www.athletic.net/athlete/15872252/cross-country,15872252.jpg
158.,12,Talon Sniegowski,https://www.athletic.net/athlete/18775459/cross-country,21:31.8,Plymouth,https://www.athletic.net/athlete/18775459/cross-country,18775459.jpg
159.,11,Surya Jeeda,https://www.athletic.net/athlete/21227991/cross-country,21:32.9,Troy,https://www.athletic.net/athlete/21227991/cross-country,21227991.jpg
160.,10,Udayan Ray,https://www.athletic.net/athlete/23627771/cross-country,21:33.2,Troy,https://www.athletic.net/athlete/23627771/cross-country,23627771.jpg
161.,9,Nathan Rainwater,https://www.athletic.net/athlete/24196683/cross-country,21:33.6,Grand Blanc,https://www.athletic.net/athlete/24196683/cross-country,24196683.jpg
162.,10,Josh Tran,https://www.athletic.net/athlete/23695245/cross-country,21:34.7,Plymouth,https://www.athletic.net/athlete/23695245/cross-country,23695245.jpg
163.,12,Sameer Singh,https://www.athletic.net/athlete/21228006/cross-country,21:35.6,Troy,https://www.athletic.net/athlete/21228006/cross-country,21228006.jpg
164.,11,Alex Vincens,https://www.athletic.net/athlete/21104315/cross-country,21:37.2,Salem,https://www.athletic.net/athlete/21104315/cross-country,21104315.jpg
165.,12,Will Weiszhaar,https://www.athletic.net/athlete/17349265/cross-country,21:37.7,Dexter,https://www.athletic.net/athlete/17349265/cross-country,17349265.jpg
166.,9,Caleb Greer,https://www.athletic.net/athlete/26388318/cross-country,21:42.2,Howell,https://www.athletic.net/athlete/26388318/cross-country,26388318.jpg
167.,10,Liam Hoban,https://www.athletic.net/athlete/23587328/cross-country,21:42.3,Canton,https://www.athletic.net/athlete/23587328/cross-country,23587328.jpg
168.,12,Ray Chanavier,https://www.athletic.net/athlete/12284206/cross-country,21:43.3,Hartland,https://www.athletic.net/athlete/12284206/cross-country,12284206.jpg
169.,10,Alec Sciturro,https://www.athletic.net/athlete/25152915/cross-country,21:45.0,Salem,https://www.athletic.net/athlete/25152915/cross-country,25152915.jpg
170.,10,Mickenzie Brennan-Voght,https://www.athletic.net/athlete/25207759/cross-country,21:45.2,Howell,https://www.athletic.net/athlete/25207759/cross-country,25207759.jpg
171.,11,Austin Jeffery,https://www.athletic.net/athlete/21149046/cross-country,21:46.4,Howell,https://www.athletic.net/athlete/21149046/cross-country,21149046.jpg
172.,11,Sahib Cheema,https://www.athletic.net/athlete/21103025/cross-country,21:46.9,Salem,https://www.athletic.net/athlete/21103025/cross-country,21103025.jpg
173.,10,Keston Rodda,https://www.athletic.net/athlete/23596553/cross-country,21:47.2,Rochester Adams,https://www.athletic.net/athlete/23596553/cross-country,23596553.jpg
174.,10,Anthony Salem,https://www.athletic.net/athlete/23627772/cross-country,21:47.7,Troy,https://www.athletic.net/athlete/23627772/cross-country,23627772.jpg
175.,10,Carter English,https://www.athletic.net/athlete/18894578/cross-country,21:47.8,Midland Dow,https://www.athletic.net/athlete/18894578/cross-country,18894578.jpg
176.,10,Max Mast,https://www.athletic.net/athlete/23547247/cross-country,21:48.0,Detroit Catholic Central,https://www.athletic.net/athlete/23547247/cross-country,23547247.jpg
177.,9,Issac Jones,https://www.athletic.net/athlete/20879780/cross-country,21:49.1,Howell,https://www.athletic.net/athlete/20879780/cross-country,20879780.jpg
178.,9,Joshua Fletcher-Smith,https://www.athletic.net/athlete/25656788/cross-country,21:50.8,Lake Orion,https://www.athletic.net/athlete/25656788/cross-country,25656788.jpg
179.,11,Emmanuel Roque-Bocangera,https://www.athletic.net/athlete/23747285/cross-country,21:51.1,Oxford,https://www.athletic.net/athlete/23747285/cross-country,23747285.jpg
180.,9,Evan Mahlmeister,https://www.athletic.net/athlete/26372352/cross-country,21:52.3,Detroit Catholic Central,https://www.athletic.net/athlete/26372352/cross-country,26372352.jpg
181.,9,Macen Kemp,https://www.athletic.net/athlete/26456455/cross-country,21:53.1,Romeo,https://www.athletic.net/athlete/26456455/cross-country,26456455.jpg
182.,9,Sebastian Towne,https://www.athletic.net/athlete/26372354/cross-country,21:53.4,Detroit Catholic Central,https://www.athletic.net/athlete/26372354/cross-country,26372354.jpg
183.,10,Clark Tan,https://www.athletic.net/athlete/20095982/cross-country,21:54.4,Davison,https://www.athletic.net/athlete/20095982/cross-country,20095982.jpg
184.,12,Spencer Moore,https://www.athletic.net/athlete/15806757/cross-country,21:54.7,Oxford,https://www.athletic.net/athlete/15806757/cross-country,15806757.jpg
185.,10,Zizheng Wang,https://www.athletic.net/athlete/25069546/cross-country,21:55.7,Troy,https://www.athletic.net/athlete/25069546/cross-country,25069546.jpg
186.,9,Jaylen DeMarco,https://www.athletic.net/athlete/19045007/cross-country,21:57.5,Lake Orion,https://www.athletic.net/athlete/19045007/cross-country,19045007.jpg
187.,11,Connor Hickey,https://www.athletic.net/athlete/15806748/cross-country,22:00.4,Oxford,https://www.athletic.net/athlete/15806748/cross-country,15806748.jpg
188.,11,Jonathan Lebsack,https://www.athletic.net/athlete/23584717/cross-country,22:00.6,Bay City John Glenn,https://www.athletic.net/athlete/23584717/cross-country,23584717.jpg
189.,11,Wesley Spezia,https://www.athletic.net/athlete/21215997/cross-country,22:00.7,Oxford,https://www.athletic.net/athlete/21215997/cross-country,21215997.jpg
190.,10,Hudson Sutter,https://www.athletic.net/athlete/19005055/cross-country,22:00.9,Dexter,https://www.athletic.net/athlete/19005055/cross-country,19005055.jpg
191.,12,Connor Rubio,https://www.athletic.net/athlete/22345901/cross-country,22:02.4,Clinton Twp. Chippewa Valley,https://www.athletic.net/athlete/22345901/cross-country,22345901.jpg
192.,11,Nicholas Roggenbuck,https://www.athletic.net/athlete/26245764/cross-country,22:02.8,Rochester Adams,https://www.athletic.net/athlete/26245764/cross-country,26245764.jpg
193.,11,Owen Osterbur,https://www.athletic.net/athlete/21231535/cross-country,22:04.6,Rochester Adams,https://www.athletic.net/athlete/21231535/cross-country,21231535.jpg
194.,11,Luke Roberts,https://www.athletic.net/athlete/21132845/cross-country,22:06.1,Livonia Stevenson,https://www.athletic.net/athlete/21132845/cross-country,21132845.jpg
195.,9,Evan Nordhaus,https://www.athletic.net/athlete/26348519/cross-country,22:06.8,Canton,https://www.athletic.net/athlete/26348519/cross-country,26348519.jpg
196.,12,Sam Hughes,https://www.athletic.net/athlete/26339250/cross-country,22:08.6,Romeo,https://www.athletic.net/athlete/26339250/cross-country,26339250.jpg
197.,9,Oliver Vaudt,https://www.athletic.net/athlete/26285729/cross-country,22:09.3,Dexter,https://www.athletic.net/athlete/26285729/cross-country,26285729.jpg
198.,9,Andrew Fay,https://www.athletic.net/athlete/22820249/cross-country,22:09.4,Dexter,https://www.athletic.net/athlete/22820249/cross-country,22820249.jpg
199.,11,Michael Boes,https://www.athletic.net/athlete/21226629/cross-country,22:10.1,Utica Eisenhower,https://www.athletic.net/athlete/21226629/cross-country,21226629.jpg
200.,12,Spencer Troike,https://www.athletic.net/athlete/18794211/cross-country,22:12.0,Livonia Stevenson,https://www.athletic.net/athlete/18794211/cross-country,18794211.jpg
201.,10,Ishaaq Hamzavi,https://www.athletic.net/athlete/26599573/cross-country,22:13.4,Troy,https://www.athletic.net/athlete/26599573/cross-country,26599573.jpg
202.,9,Mitch Bell,https://www.athletic.net/athlete/26286892/cross-country,22:14.2,Utica Ford,https://www.athletic.net/athlete/26286892/cross-country,26286892.jpg
203.,10,Keith Kerr,https://www.athletic.net/athlete/23570928/cross-country,22:14.5,Livonia Stevenson,https://www.athletic.net/athlete/23570928/cross-country,23570928.jpg
204.,10,Josh Lupinski,https://www.athletic.net/athlete/26406905/cross-country,22:15.0,Utica Eisenhower,https://www.athletic.net/athlete/26406905/cross-country,26406905.jpg
205.,11,Joseph Young,https://www.athletic.net/athlete/16115309/cross-country,22:15.1,Troy Athens,https://www.athletic.net/athlete/16115309/cross-country,16115309.jpg
206.,9,Joe Binden,https://www.athletic.net/athlete/26144636/cross-country,22:15.3,Detroit Catholic Central,https://www.athletic.net/athlete/26144636/cross-country,26144636.jpg
207.,12,Alex Watson,https://www.athletic.net/athlete/15988562/cross-country,22:15.8,Dexter,https://www.athletic.net/athlete/15988562/cross-country,15988562.jpg
208.,9,Damien Huff,https://www.athletic.net/athlete/18820137/cross-country,22:16.1,Midland,https://www.athletic.net/athlete/18820137/cross-country,18820137.jpg
209.,11,Nicholas Palazzolo,https://www.athletic.net/athlete/17349255/cross-country,22:20.5,Dexter,https://www.athletic.net/athlete/17349255/cross-country,17349255.jpg
210.,10,Thadeus Price,https://www.athletic.net/athlete/24846244/cross-country,22:21.0,Livonia Stevenson,https://www.athletic.net/athlete/24846244/cross-country,24846244.jpg
211.,9,Ethan Miller,https://www.athletic.net/athlete/23349703/cross-country,22:21.9,Ann Arbor Skyline,https://www.athletic.net/athlete/23349703/cross-country,23349703.jpg
212.,9,Trent Provoast,https://www.athletic.net/athlete/20494007/cross-country,22:22.0,Midland Dow,https://www.athletic.net/athlete/20494007/cross-country,20494007.jpg
213.,11,Emiliano Ruiz,https://www.athletic.net/athlete/22508865/cross-country,22:23.2,Rochester Adams,https://www.athletic.net/athlete/22508865/cross-country,22508865.jpg
214.,11,Filip Tasevski,https://www.athletic.net/athlete/26510292/cross-country,22:26.7,Romeo,https://www.athletic.net/athlete/26510292/cross-country,26510292.jpg
215.,9,Johannes Visser,https://www.athletic.net/athlete/18894598/cross-country,22:27.9,Midland Dow,https://www.athletic.net/athlete/18894598/cross-country,18894598.jpg
216.,9,Bennet Ogilvy,https://www.athletic.net/athlete/26286894/cross-country,22:29.1,Utica Ford,https://www.athletic.net/athlete/26286894/cross-country,26286894.jpg
217.,9,Charles Zhang,https://www.athletic.net/athlete/26407464/cross-country,22:29.9,Troy,https://www.athletic.net/athlete/26407464/cross-country,26407464.jpg
218.,12,Anthony Gombert,https://www.athletic.net/athlete/20009591/cross-country,22:31.0,Salem,https://www.athletic.net/athlete/20009591/cross-country,20009591.jpg
219.,10,Adavya Chandrasekaran,https://www.athletic.net/athlete/24827115/cross-country,22:31.2,Plymouth,https://www.athletic.net/athlete/24827115/cross-country,24827115.jpg
220.,9,Daniel Ross,https://www.athletic.net/athlete/18894591/cross-country,22:31.4,Midland Dow,https://www.athletic.net/athlete/18894591/cross-country,18894591.jpg
221.,10,Max Hilliard,https://www.athletic.net/athlete/23596547/cross-country,22:31.4,Rochester Adams,https://www.athletic.net/athlete/23596547/cross-country,23596547.jpg
222.,9,Carter Knowlton,https://www.athletic.net/athlete/23632655/cross-country,22:31.6,Hartland,https://www.athletic.net/athlete/23632655/cross-country,23632655.jpg
223.,12,Ishan Desai,https://www.athletic.net/athlete/19825358/cross-country,22:31.7,Troy,https://www.athletic.net/athlete/19825358/cross-country,19825358.jpg
224.,12,Anthony Norris,https://www.athletic.net/athlete/18768690/cross-country,22:32.8,Troy Athens,https://www.athletic.net/athlete/18768690/cross-country,18768690.jpg
225.,10,Jackson Lies,https://www.athletic.net/athlete/17390947/cross-country,22:34.3,Romeo,https://www.athletic.net/athlete/17390947/cross-country,17390947.jpg
226.,9,Sky Fausett,https://www.athletic.net/athlete/26416132/cross-country,22:36.4,Rochester Adams,https://www.athletic.net/athlete/26416132/cross-country,26416132.jpg
227.,11,Nate Bolt,https://www.athletic.net/athlete/16050144/cross-country,22:39.8,Salem,https://www.athletic.net/athlete/16050144/cross-country,16050144.jpg
228.,11,Matthew Litwiller,https://www.athletic.net/athlete/18890460/cross-country,22:40.1,Davison,https://www.athletic.net/athlete/18890460/cross-country,18890460.jpg
229.,9,Lucas Keinath,https://www.athletic.net/athlete/19045018/cross-country,22:42.3,Lake Orion,https://www.athletic.net/athlete/19045018/cross-country,19045018.jpg
230.,12,Jake Pearson,https://www.athletic.net/athlete/18775453/cross-country,22:42.6,Plymouth,https://www.athletic.net/athlete/18775453/cross-country,18775453.jpg
231.,10,Aiden Miller,https://www.athletic.net/athlete/23596549/cross-country,22:43.9,Rochester Adams,https://www.athletic.net/athlete/23596549/cross-country,23596549.jpg
232.,12,Rishi Kumar Girmannagari,https://www.athletic.net/athlete/19825362/cross-country,22:45.9,Troy,https://www.athletic.net/athlete/19825362/cross-country,19825362.jpg
233.,12,Marco Dewitt-Campos,https://www.athletic.net/athlete/18687799/cross-country,22:46.0,Salem,https://www.athletic.net/athlete/18687799/cross-country,18687799.jpg
234.,9,Campbell Vinson,https://www.athletic.net/athlete/18879274/cross-country,22:47.8,Romeo,https://www.athletic.net/athlete/18879274/cross-country,18879274.jpg
235.,11,Luke Vandenbossche,https://www.athletic.net/athlete/15770471/cross-country,22:50.0,Midland,https://www.athletic.net/athlete/15770471/cross-country,15770471.jpg
236.,12,Jinsun Pyo,https://www.athletic.net/athlete/18848899/cross-country,22:50.1,Rochester Adams,https://www.athletic.net/athlete/18848899/cross-country,18848899.jpg
237.,9,Brandon Muller,https://www.athletic.net/athlete/21186481/cross-country,22:50.9,Davison,https://www.athletic.net/athlete/21186481/cross-country,21186481.jpg
238.,12,Noah Schmidt,https://www.athletic.net/athlete/24622653/cross-country,22:51.7,Utica Eisenhower,https://www.athletic.net/athlete/24622653/cross-country,24622653.jpg
239.,10,Alexander Savage,https://www.athletic.net/athlete/26340474/cross-country,22:53.5,Detroit Catholic Central,https://www.athletic.net/athlete/26340474/cross-country,26340474.jpg
240.,9,Elliott Busch,https://www.athletic.net/athlete/18969989/cross-country,22:53.7,Howell,https://www.athletic.net/athlete/18969989/cross-country,18969989.jpg
241.,11,Timmy Li,https://www.athletic.net/athlete/26388928/cross-country,22:55.5,Troy Athens,https://www.athletic.net/athlete/26388928/cross-country,26388928.jpg
242.,10,Tyler Loose,https://www.athletic.net/athlete/18347922/cross-country,22:56.3,Midland Dow,https://www.athletic.net/athlete/18347922/cross-country,18347922.jpg
243.,10,Ethan Dutkiewilz,https://www.athletic.net/athlete/21186477/cross-country,22:58.1,Davison,https://www.athletic.net/athlete/21186477/cross-country,21186477.jpg
244.,12,Rishit Sethi,https://www.athletic.net/athlete/19794244/cross-country,22:58.9,Plymouth,https://www.athletic.net/athlete/19794244/cross-country,19794244.jpg
245.,9,Jack Nowicki,https://www.athletic.net/athlete/26406907/cross-country,22:58.9,Utica Eisenhower,https://www.athletic.net/athlete/26406907/cross-country,26406907.jpg
246.,10,Wilson Zhu,https://www.athletic.net/athlete/23627785/cross-country,22:59.1,Troy,https://www.athletic.net/athlete/23627785/cross-country,23627785.jpg
247.,11,Casey Plentis,https://www.athletic.net/athlete/26416137/cross-country,22:59.8,Rochester Adams,https://www.athletic.net/athlete/26416137/cross-country,26416137.jpg
248.,11,Pratyush Neelakantan,https://www.athletic.net/athlete/21228001/cross-country,23:00.6,Troy,https://www.athletic.net/athlete/21228001/cross-country,21228001.jpg
249.,10,Ali Alnaib,https://www.athletic.net/athlete/23592636/cross-country,23:01.3,Salem,https://www.athletic.net/athlete/23592636/cross-country,23592636.jpg
250.,10,Om Lakhani,https://www.athletic.net/athlete/23587330/cross-country,23:02.5,Canton,https://www.athletic.net/athlete/23587330/cross-country,23587330.jpg
251.,9,Caleb Hamilton,https://www.athletic.net/athlete/26407445/cross-country,23:04.0,Troy,https://www.athletic.net/athlete/26407445/cross-country,26407445.jpg
252.,11,Jonas Lipovsky,https://www.athletic.net/athlete/15769375/cross-country,23:07.0,Midland,https://www.athletic.net/athlete/15769375/cross-country,15769375.jpg
253.,11,Cooper Crandell,https://www.athletic.net/athlete/21231528/cross-country,23:12.4,Rochester Adams,https://www.athletic.net/athlete/21231528/cross-country,21231528.jpg
254.,9,Austen Antonio,https://www.athletic.net/athlete/26372351/cross-country,23:12.6,Detroit Catholic Central,https://www.athletic.net/athlete/26372351/cross-country,26372351.jpg
255.,9,Jude Shafer,https://www.athletic.net/athlete/23349716/cross-country,23:14.4,Ann Arbor Skyline,https://www.athletic.net/athlete/23349716/cross-country,23349716.jpg
256.,12,Sashinath Nadigotti,https://www.athletic.net/athlete/18864169/cross-country,23:14.4,Troy,https://www.athletic.net/athlete/18864169/cross-country,18864169.jpg
257.,10,Tristan Bickmann,https://www.athletic.net/athlete/23705508/cross-country,23:14.6,Howell,https://www.athletic.net/athlete/23705508/cross-country,23705508.jpg
258.,9,Shane Korte,https://www.athletic.net/athlete/26389965/cross-country,23:20.0,Detroit Catholic Central,https://www.athletic.net/athlete/26389965/cross-country,26389965.jpg
259.,10,Ali Al-Moussawi,https://www.athletic.net/athlete/26378423/cross-country,23:20.8,Salem,https://www.athletic.net/athlete/26378423/cross-country,26378423.jpg
260.,12,Dominic Heires,https://www.athletic.net/athlete/23563598/cross-country,23:22.9,Midland,https://www.athletic.net/athlete/23563598/cross-country,23563598.jpg
261.,11,Evan Elliott,https://www.athletic.net/athlete/23789804/cross-country,23:24.8,Bay City John Glenn,https://www.athletic.net/athlete/23789804/cross-country,23789804.jpg
262.,9,Jaylen Lazaro,https://www.athletic.net/athlete/26363385/cross-country,23:25.0,Salem,https://www.athletic.net/athlete/26363385/cross-country,26363385.jpg
263.,12,Marty Watson,https://www.athletic.net/athlete/15988564/cross-country,23:26.6,Dexter,https://www.athletic.net/athlete/15988564/cross-country,15988564.jpg
264.,9,Eamon Sullivan,https://www.athletic.net/athlete/26416138/cross-country,23:27.4,Rochester Adams,https://www.athletic.net/athlete/26416138/cross-country,26416138.jpg
265.,10,Kyle Erfurt,https://www.athletic.net/athlete/23547242/cross-country,23:28.8,Detroit Catholic Central,https://www.athletic.net/athlete/23547242/cross-country,23547242.jpg
266.,12,Caleb Rabert,https://www.athletic.net/athlete/26339251/cross-country,23:29.7,Romeo,https://www.athletic.net/athlete/26339251/cross-country,26339251.jpg
267.,10,Yitao (Bruce) Sun,https://www.athletic.net/athlete/26407463/cross-country,23:30.7,Troy,https://www.athletic.net/athlete/26407463/cross-country,26407463.jpg
268.,10,Sam Leach,https://www.athletic.net/athlete/18890453/cross-country,23:31.7,Davison,https://www.athletic.net/athlete/18890453/cross-country,18890453.jpg
269.,9,David Lee,https://www.athletic.net/athlete/26388927/cross-country,23:33.4,Troy Athens,https://www.athletic.net/athlete/26388927/cross-country,26388927.jpg
270.,9,Shingen Kurata,https://www.athletic.net/athlete/26371039/cross-country,23:36.6,Livonia Stevenson,https://www.athletic.net/athlete/26371039/cross-country,26371039.jpg
271.,9,Dylan Yee,https://www.athletic.net/athlete/26340485/cross-country,23:37.6,Detroit Catholic Central,https://www.athletic.net/athlete/26340485/cross-country,26340485.jpg
272.,9,Michael Orsargos,https://www.athletic.net/athlete/26416135/cross-country,23:39.7,Rochester Adams,https://www.athletic.net/athlete/26416135/cross-country,26416135.jpg
273.,9,Jonah Hills,https://www.athletic.net/athlete/26388322/cross-country,23:39.8,Howell,https://www.athletic.net/athlete/26388322/cross-country,26388322.jpg
274.,10,Thomas Sokol,https://www.athletic.net/athlete/25207955/cross-country,23:40.7,Howell,https://www.athletic.net/athlete/25207955/cross-country,25207955.jpg
275.,9,Michael Liberty,https://www.athletic.net/athlete/26367168/cross-country,23:41.3,Plymouth,https://www.athletic.net/athlete/26367168/cross-country,26367168.jpg
276.,12,Liam Bischer,https://www.athletic.net/athlete/18381195/cross-country,23:41.5,Midland,https://www.athletic.net/athlete/18381195/cross-country,18381195.jpg
277.,9,Benjamin Keinath,https://www.athletic.net/athlete/19045016/cross-country,23:41.8,Lake Orion,https://www.athletic.net/athlete/19045016/cross-country,19045016.jpg
278.,9,Joseph Klein,https://www.athletic.net/athlete/22828490/cross-country,23:42.7,Midland Dow,https://www.athletic.net/athlete/22828490/cross-country,22828490.jpg
279.,9,Naveen Duvoor,https://www.athletic.net/athlete/26416131/cross-country,23:43.1,Rochester Adams,https://www.athletic.net/athlete/26416131/cross-country,26416131.jpg
280.,9,Grant Red,https://www.athletic.net/athlete/21279098/cross-country,23:44.1,Davison,https://www.athletic.net/athlete/21279098/cross-country,21279098.jpg
281.,11,Gabriel Kibin,https://www.athletic.net/athlete/24846185/cross-country,23:44.2,Canton,https://www.athletic.net/athlete/24846185/cross-country,24846185.jpg
282.,12,Preston Mowl,https://www.athletic.net/athlete/18846280/cross-country,23:48.0,Utica Ford,https://www.athletic.net/athlete/18846280/cross-country,18846280.jpg
283.,10,Danny Jefferson,https://www.athletic.net/athlete/23547244/cross-country,23:48.5,Detroit Catholic Central,https://www.athletic.net/athlete/23547244/cross-country,23547244.jpg
284.,10,Emerson McGuire,https://www.athletic.net/athlete/23587334/cross-country,23:48.7,Canton,https://www.athletic.net/athlete/23587334/cross-country,23587334.jpg
285.,9,Clark Dupon,https://www.athletic.net/athlete/26419520/cross-country,23:49.4,Utica Eisenhower,https://www.athletic.net/athlete/26419520/cross-country,26419520.jpg
286.,9,Ryan Guinn,https://www.athletic.net/athlete/26348496/cross-country,23:49.8,Canton,https://www.athletic.net/athlete/26348496/cross-country,26348496.jpg
287.,9,Caiden Hamlin,https://www.athletic.net/athlete/25329925/cross-country,23:50.4,Hartland,https://www.athletic.net/athlete/25329925/cross-country,25329925.jpg
288.,9,Jack Williamson,https://www.athletic.net/athlete/13966930/cross-country,23:55.7,Romeo,https://www.athletic.net/athlete/13966930/cross-country,13966930.jpg
289.,9,Owen Troutt,https://www.athletic.net/athlete/25597445/cross-country,23:57.4,Grand Blanc,https://www.athletic.net/athlete/25597445/cross-country,25597445.jpg
290.,9,Maverick Hager,https://www.athletic.net/athlete/18966149/cross-country,23:59.9,Howell,https://www.athletic.net/athlete/18966149/cross-country,18966149.jpg
291.,10,Henry Grupp,https://www.athletic.net/athlete/23579895/cross-country,24:01.8,Hartland,https://www.athletic.net/athlete/23579895/cross-country,23579895.jpg
292.,9,Derek Wiseman,https://www.athletic.net/athlete/26285730/cross-country,24:03.0,Dexter,https://www.athletic.net/athlete/26285730/cross-country,26285730.jpg
293.,11,Kevin Kindermann,https://www.athletic.net/athlete/22186134/cross-country,24:03.8,Oxford,https://www.athletic.net/athlete/22186134/cross-country,22186134.jpg
294.,9,Isaac Bard,https://www.athletic.net/athlete/26416130/cross-country,24:03.9,Rochester Adams,https://www.athletic.net/athlete/26416130/cross-country,26416130.jpg
295.,9,Nathan Ponnudurai,https://www.athletic.net/athlete/26388939/cross-country,24:04.6,Troy Athens,https://www.athletic.net/athlete/26388939/cross-country,26388939.jpg
296.,12,Marcus Silva,https://www.athletic.net/athlete/15988505/cross-country,24:05.8,Dexter,https://www.athletic.net/athlete/15988505/cross-country,15988505.jpg
297.,10,Preetham Chilluru,https://www.athletic.net/athlete/26407443/cross-country,24:05.9,Troy,https://www.athletic.net/athlete/26407443/cross-country,26407443.jpg
298.,9,Jaxon Alexander,https://www.athletic.net/athlete/26362996/cross-country,24:07.2,Davison,https://www.athletic.net/athlete/26362996/cross-country,26362996.jpg
299.,10,Kellin Teddy,https://www.athletic.net/athlete/19005058/cross-country,24:07.4,Dexter,https://www.athletic.net/athlete/19005058/cross-country,19005058.jpg
300.,9,Ashton Hillary,https://www.athletic.net/athlete/19004105/cross-country,24:08.3,Oxford,https://www.athletic.net/athlete/19004105/cross-country,19004105.jpg
301.,10,Alan He,https://www.athletic.net/athlete/23611369/cross-country,24:09.0,Troy Athens,https://www.athletic.net/athlete/23611369/cross-country,23611369.jpg
302.,9,Kenneth Kwok,https://www.athletic.net/athlete/26407452/cross-country,24:10.3,Troy,https://www.athletic.net/athlete/26407452/cross-country,26407452.jpg
303.,12,Jordan Bruwier,https://www.athletic.net/athlete/20202686/cross-country,24:10.7,Clinton Twp. Chippewa Valley,https://www.athletic.net/athlete/20202686/cross-country,20202686.jpg
304.,11,Henry Gobler,https://www.athletic.net/athlete/21227988/cross-country,24:17.5,Troy,https://www.athletic.net/athlete/21227988/cross-country,21227988.jpg
305.,9,Tenyson Keysor,https://www.athletic.net/athlete/26412905/cross-country,24:18.9,Howell,https://www.athletic.net/athlete/26412905/cross-country,26412905.jpg
306.,12,Ray Guo,https://www.athletic.net/athlete/19825363/cross-country,24:21.3,Troy,https://www.athletic.net/athlete/19825363/cross-country,19825363.jpg
307.,10,Mithesh Raja Govindaraja,https://www.athletic.net/athlete/23627759/cross-country,24:25.6,Troy,https://www.athletic.net/athlete/23627759/cross-country,23627759.jpg
308.,10,Jacob Sears,https://www.athletic.net/athlete/23596555/cross-country,24:25.9,Rochester Adams,https://www.athletic.net/athlete/23596555/cross-country,23596555.jpg
309.,9,Zubair Ali,https://www.athletic.net/athlete/19004014/cross-country,24:26.1,Oxford,https://www.athletic.net/athlete/19004014/cross-country,19004014.jpg
310.,12,Dean Gobler,https://www.athletic.net/athlete/18864158/cross-country,24:26.3,Troy,https://www.athletic.net/athlete/18864158/cross-country,18864158.jpg
311.,11,Kaleb Kindl,https://www.athletic.net/athlete/22518640/cross-country,24:31.3,Oxford,https://www.athletic.net/athlete/22518640/cross-country,22518640.jpg
312.,11,Seungheon (Jayden) Lee,https://www.athletic.net/athlete/23627766/cross-country,24:31.4,Troy,https://www.athletic.net/athlete/23627766/cross-country,23627766.jpg
313.,9,Trace Duane,https://www.athletic.net/athlete/26367163/cross-country,24:32.9,Plymouth,https://www.athletic.net/athlete/26367163/cross-country,26367163.jpg
314.,9,Connor Bancroft,https://www.athletic.net/athlete/20096084/cross-country,24:34.2,Davison,https://www.athletic.net/athlete/20096084/cross-country,20096084.jpg
315.,9,Brandon French,https://www.athletic.net/athlete/19045009/cross-country,24:49.0,Lake Orion,https://www.athletic.net/athlete/19045009/cross-country,19045009.jpg
316.,9,Sawyer O'Brien,https://www.athletic.net/athlete/26355331/cross-country,24:50.1,Davison,https://www.athletic.net/athlete/26355331/cross-country,26355331.jpg
317.,9,Sairishi Sureshkumar,https://www.athletic.net/athlete/26420104/cross-country,24:54.3,Salem,https://www.athletic.net/athlete/26420104/cross-country,26420104.jpg
318.,11,Brent Monterosso,https://www.athletic.net/athlete/18879267/cross-country,24:54.8,Romeo,https://www.athletic.net/athlete/18879267/cross-country,18879267.jpg
319.,12,Pranav Senthildurai,https://www.athletic.net/athlete/22482476/cross-country,25:01.2,Troy,https://www.athletic.net/athlete/22482476/cross-country,22482476.jpg
320.,9,Benjamin Trumbull,https://www.athletic.net/athlete/23805773/cross-country,25:01.4,Lake Orion,https://www.athletic.net/athlete/23805773/cross-country,23805773.jpg
321.,9,Cole Harms,https://www.athletic.net/athlete/26322018/cross-country,25:04.0,Ann Arbor Skyline,https://www.athletic.net/athlete/26322018/cross-country,26322018.jpg
322.,12,Mohammed Yusuf Ahamed Tariq,https://www.athletic.net/athlete/21227981/cross-country,25:09.3,Troy,https://www.athletic.net/athlete/21227981/cross-country,21227981.jpg
323.,12,Mukundan Iyengar,https://www.athletic.net/athlete/21227990/cross-country,25:17.1,Troy,https://www.athletic.net/athlete/21227990/cross-country,21227990.jpg
324.,12,Aiden Graho,https://www.athletic.net/athlete/18864159/cross-country,25:18.4,Troy,https://www.athletic.net/athlete/18864159/cross-country,18864159.jpg
325.,12,Jacob Gilbert,https://www.athletic.net/athlete/15989144/cross-country,25:19.4,Dexter,https://www.athletic.net/athlete/15989144/cross-country,15989144.jpg
326.,9,Ethan Specht,https://www.athletic.net/athlete/13962212/cross-country,25:20.3,Detroit Catholic Central,https://www.athletic.net/athlete/13962212/cross-country,13962212.jpg
327.,10,Cameron Wray,https://www.athletic.net/athlete/23666248/cross-country,25:22.4,Oxford,https://www.athletic.net/athlete/23666248/cross-country,23666248.jpg
328.,9,Kevin Li,https://www.athletic.net/athlete/7288360/cross-country,25:23.2,Troy,https://www.athletic.net/athlete/7288360/cross-country,7288360.jpg
329.,9,Lucas Mutschler,https://www.athletic.net/athlete/21411271/cross-country,25:27.6,Dexter,https://www.athletic.net/athlete/21411271/cross-country,21411271.jpg
330.,9,Oliver Hayes,https://www.athletic.net/athlete/23633951/cross-country,25:35.4,Davison,https://www.athletic.net/athlete/23633951/cross-country,23633951.jpg
331.,11,Adithya Srihari Jonnalagedda,https://www.athletic.net/athlete/26407447/cross-country,25:37.9,Troy,https://www.athletic.net/athlete/26407447/cross-country,26407447.jpg
332.,10,Theodore Bau,https://www.athletic.net/athlete/23627755/cross-country,25:39.4,Troy,https://www.athletic.net/athlete/23627755/cross-country,23627755.jpg
333.,10,Aayush Chaugule,https://www.athletic.net/athlete/26407441/cross-country,25:46.1,Troy,https://www.athletic.net/athlete/26407441/cross-country,26407441.jpg
334.,9,Austin Kreeger,https://www.athletic.net/athlete/26391954/cross-country,25:48.9,Howell,https://www.athletic.net/athlete/26391954/cross-country,26391954.jpg
335.,10,Jacob Monday,https://www.athletic.net/athlete/23596550/cross-country,25:55.4,Rochester Adams,https://www.athletic.net/athlete/23596550/cross-country,23596550.jpg
336.,11,Ahaan Malhotra,https://www.athletic.net/athlete/22482465/cross-country,25:57.4,Troy,https://www.athletic.net/athlete/22482465/cross-country,22482465.jpg
337.,10,Aaditya Kumar,https://www.athletic.net/athlete/26407451/cross-country,25:58.3,Troy,https://www.athletic.net/athlete/26407451/cross-country,26407451.jpg
338.,11,Richard Pawlowski,https://www.athletic.net/athlete/21277824/cross-country,25:59.1,Oxford,https://www.athletic.net/athlete/21277824/cross-country,21277824.jpg
339.,11,Aaron Beam,https://www.athletic.net/athlete/22485009/cross-country,25:59.9,Troy Athens,https://www.athletic.net/athlete/22485009/cross-country,22485009.jpg
340.,10,Rushi Jariwala,https://www.athletic.net/athlete/23627762/cross-country,26:00.6,Troy,https://www.athletic.net/athlete/23627762/cross-country,23627762.jpg
341.,9,Xuanlin Chen,https://www.athletic.net/athlete/26407442/cross-country,26:06.1,Troy,https://www.athletic.net/athlete/26407442/cross-country,26407442.jpg
342.,12,Dan Schneider,https://www.athletic.net/athlete/18785476/cross-country,26:18.7,Midland Dow,https://www.athletic.net/athlete/18785476/cross-country,18785476.jpg
343.,10,Sarvesh Masalkar,https://www.athletic.net/athlete/26407455/cross-country,26:27.2,Troy,https://www.athletic.net/athlete/26407455/cross-country,26407455.jpg
344.,10,Jack Grimes,https://www.athletic.net/athlete/19005031/cross-country,26:28.9,Dexter,https://www.athletic.net/athlete/19005031/cross-country,19005031.jpg
345.,11,Kacper Tomczyk,https://www.athletic.net/athlete/20910109/cross-country,26:32.1,Troy Athens,https://www.athletic.net/athlete/20910109/cross-country,20910109.jpg
346.,11,Braeden Pobursky,https://www.athletic.net/athlete/23611406/cross-country,26:32.2,Troy Athens,https://www.athletic.net/athlete/23611406/cross-country,23611406.jpg
347.,9,Rithvik Varma Chamarthi,https://www.athletic.net/athlete/26407440/cross-country,26:37.8,Troy,https://www.athletic.net/athlete/26407440/cross-country,26407440.jpg
348.,10,Himank Bhat,https://www.athletic.net/athlete/26407438/cross-country,26:39.8,Troy,https://www.athletic.net/athlete/26407438/cross-country,26407438.jpg
349.,9,Kaden Ogoe,https://www.athletic.net/athlete/26378308/cross-country,26:41.4,Salem,https://www.athletic.net/athlete/26378308/cross-country,26378308.jpg
350.,11,Barrett Walaskay,https://www.athletic.net/athlete/20160090/cross-country,26:44.2,Hartland,https://www.athletic.net/athlete/20160090/cross-country,20160090.jpg
351.,12,Lucas Lijewski,https://www.athletic.net/athlete/17405397/cross-country,26:46.5,Midland Dow,https://www.athletic.net/athlete/17405397/cross-country,17405397.jpg
352.,10,Abhinav Thummalapally,https://www.athletic.net/athlete/23627780/cross-country,26:47.9,Troy,https://www.athletic.net/athlete/23627780/cross-country,23627780.jpg
353.,11,Ziyaad Fareed,https://www.athletic.net/athlete/26407444/cross-country,26:53.2,Troy,https://www.athletic.net/athlete/26407444/cross-country,26407444.jpg
354.,10,Mason McKee,https://www.athletic.net/athlete/25080462/cross-country,26:55.1,Bay City John Glenn,https://www.athletic.net/athlete/25080462/cross-country,25080462.jpg
355.,10,Sujay Panuganti,https://www.athletic.net/athlete/23627769/cross-country,26:58.6,Troy,https://www.athletic.net/athlete/23627769/cross-country,23627769.jpg
356.,10,Blake Myers,https://www.athletic.net/athlete/19130096/cross-country,27:09.3,Oxford,https://www.athletic.net/athlete/19130096/cross-country,19130096.jpg
357.,9,Keeley Klosowski,https://www.athletic.net/athlete/26371029/cross-country,27:13.2,Livonia Stevenson,https://www.athletic.net/athlete/26371029/cross-country,26371029.jpg
358.,10,Juan Lara-Escobar,https://www.athletic.net/athlete/24846155/cross-country,27:17.1,Livonia Stevenson,https://www.athletic.net/athlete/24846155/cross-country,24846155.jpg
359.,9,Santiago Ramirez-Vanegas,https://www.athletic.net/athlete/26388945/cross-country,27:21.6,Troy Athens,https://www.athletic.net/athlete/26388945/cross-country,26388945.jpg
360.,9,Landin Watkins,https://www.athletic.net/athlete/26413526/cross-country,27:37.8,Canton,https://www.athletic.net/athlete/26413526/cross-country,26413526.jpg
361.,11,Ethan Harkenrider,https://www.athletic.net/athlete/26407446/cross-country,27:45.6,Troy,https://www.athletic.net/athlete/26407446/cross-country,26407446.jpg
362.,12,Andrew Zhu,https://www.athletic.net/athlete/18848910/cross-country,27:49.4,Rochester Adams,https://www.athletic.net/athlete/18848910/cross-country,18848910.jpg
363.,10,Rudolph Moussa,https://www.athletic.net/athlete/26407457/cross-country,27:52.3,Troy,https://www.athletic.net/athlete/26407457/cross-country,26407457.jpg
364.,9,Xavier Neudauer,https://www.athletic.net/athlete/26401244/cross-country,27:57.4,Troy Athens,https://www.athletic.net/athlete/26401244/cross-country,26401244.jpg
365.,9,Aran Velsamy,https://www.athletic.net/athlete/26416140/cross-country,28:04.2,Rochester Adams,https://www.athletic.net/athlete/26416140/cross-country,26416140.jpg
366.,12,Ryan Wang,https://www.athletic.net/athlete/21228010/cross-country,28:07.6,Troy,https://www.athletic.net/athlete/21228010/cross-country,21228010.jpg
367.,9,Matthew Rotarius,https://www.athletic.net/athlete/20444299/cross-country,28:07.8,Bay City John Glenn,https://www.athletic.net/athlete/20444299/cross-country,20444299.jpg
368.,10,Pratyush Pawar,https://www.athletic.net/athlete/26407460/cross-country,28:17.4,Troy,https://www.athletic.net/athlete/26407460/cross-country,26407460.jpg
369.,9,Grant Karfonta,https://www.athletic.net/athlete/26340465/cross-country,28:27.1,Detroit Catholic Central,https://www.athletic.net/athlete/26340465/cross-country,26340465.jpg
370.,11,Advait Pingle,https://www.athletic.net/athlete/26407461/cross-country,28:40.6,Troy,https://www.athletic.net/athlete/26407461/cross-country,26407461.jpg
371.,10,Cuinn O'Neill,https://www.athletic.net/athlete/19041653/cross-country,28:56.4,Dexter,https://www.athletic.net/athlete/19041653/cross-country,19041653.jpg
372.,9,Caspian Ruiz,https://www.athletic.net/athlete/26460414/cross-country,29:04.1,Ann Arbor Skyline,https://www.athletic.net/athlete/26460414/cross-country,26460414.jpg
373.,12,Arin Barman,https://www.athletic.net/athlete/19825345/cross-country,29:08.7,Troy,https://www.athletic.net/athlete/19825345/cross-country,19825345.jpg
374.,10,Camden Lobban,https://www.athletic.net/athlete/18907638/cross-country,29:09.5,Davison,https://www.athletic.net/athlete/18907638/cross-country,18907638.jpg
375.,9,Charles (Charlie) Votruba,https://www.athletic.net/athlete/26372355/cross-country,29:33.6,Detroit Catholic Central,https://www.athletic.net/athlete/26372355/cross-country,26372355.jpg
376.,11,Malachi Vannette,https://www.athletic.net/athlete/20494088/cross-country,29:39.8,Midland Dow,https://www.athletic.net/athlete/20494088/cross-country,20494088.jpg
377.,12,Kevin Lin,https://www.athletic.net/athlete/21227996/cross-country,29:51.2,Troy,https://www.athletic.net/athlete/21227996/cross-country,21227996.jpg
378.,12,Hector Irehie,https://www.athletic.net/athlete/25069513/cross-country,30:12.5,Troy,https://www.athletic.net/athlete/25069513/cross-country,25069513.jpg
379.,9,Amogh Kshirsagar,https://www.athletic.net/athlete/26407450/cross-country,30:12.7,Troy,https://www.athletic.net/athlete/26407450/cross-country,26407450.jpg
380.,9,Steven Bragg,https://www.athletic.net/athlete/26371034/cross-country,30:51.0,Livonia Stevenson,https://www.athletic.net/athlete/26371034/cross-country,26371034.jpg
381.,11,Dominic Berkholz,https://www.athletic.net/athlete/17349217/cross-country,31:02.7,Dexter,https://www.athletic.net/athlete/17349217/cross-country,17349217.jpg
382.,12,Manthan Patil,https://www.athletic.net/athlete/23627770/cross-country,31:43.7,Troy,https://www.athletic.net/athlete/23627770/cross-country,23627770.jpg
383.,10,Bhaavik Narayana,https://www.athletic.net/athlete/26407459/cross-country,31:59.0,Troy,https://www.athletic.net/athlete/26407459/cross-country,26407459.jpg
384.,9,Dominic Cusenza,https://www.athletic.net/athlete/23545985/cross-country,32:31.5,Romeo,https://www.athletic.net/athlete/23545985/cross-country,23545985.jpg
385.,9,Logan Baksik,https://www.athletic.net/athlete/26407437/cross-country,33:53.6,Troy,https://www.athletic.net/athlete/26407437/cross-country,26407437.jpg
386.,10,Myles Savage,https://www.athletic.net/athlete/22962715/cross-country,33:57.8,Davison,https://www.athletic.net/athlete/22962715/cross-country,22962715.jpg
387.,11,Aditya Awale,https://www.athletic.net/athlete/23627754/cross-country,34:19.7,Troy,https://www.athletic.net/athlete/23627754/cross-country,23627754.jpg
