56th Holly-Duane Raffin Festival of Races Womens 5000 Meters D1 Girls
Sat Sep 14 2024
https://www.athletic.net/CrossCountry/meet/236072/results/944165
"<p>Ann Arbor Skyline's Varsity girls team gave it their all at the 56th Holly-Duane Raffin Festival of Races, finishing 8th overall with 204 points. The team faced tough competition but held their own against some of the best in the state.</p><p>Leading the way for Skyline was sophomore <span class=""athlete"">Irie Scrase</span>, who put up a stellar performance, crossing the line with a personal record of <time>19:48.9</time>. Freshman <span class=""athlete"">Elin Tenbrink</span> followed, clocking in at <time>21:47.4</time>, showing great promise for the future of Skyline’s team.</p><p>Other notable finishes included sophomore <span class=""athlete"">Isla Tharp</span>, who crossed the line at <time>21:52.3</time>, and sophomore <span class=""athlete"">Alison Kauffman</span> at <time>22:09.9</time>. Rounding out the top five was sophomore <span class=""athlete"">Mara Mocanu</span> with a time of <time>22:13.0</time>.</p><p>Skyline’s runners demonstrated their resilience and determination as they competed against a tough field, proving once again that they have the potential to rise through the ranks as the season progresses.</p>"
Place,Team,Score
1,Holly,24
2,Romeo,112
3,Rochester Adams,134
4,Hartland,137
5,Dexter,154
6,Oxford,163
7,Midland Dow,170
8,Troy,204
9,Ann Arbor Skyline,257
10,Plymouth,278
11,Davison,291
12,Grand Blanc,351
13,Troy Athens,364
14,Clinton Twp. Chippewa Valley,372
15,Utica Eisenhower,389
16,Livonia Stevenson,397
17,Howell,411
18,Utica Ford,475
19,New Baltimore Anchor Bay,537

Place,Grade,Name,Athlete Link,Time,Team,Team Link,Profile Pic
1.,11,Natalia Guaresimo,https://www.athletic.net/athlete/17271416/cross-country,18:17.0,Romeo,https://www.athletic.net/athlete/17271416/cross-country,17271416.jpg
2.,9,Emilia Garces,https://www.athletic.net/athlete/21235099/cross-country,18:51.6,Midland Dow,https://www.athletic.net/athlete/21235099/cross-country,21235099.jpg
3.,12,Lillian Deskins,https://www.athletic.net/athlete/23745616/cross-country,18:52.9,Romeo,https://www.athletic.net/athlete/23745616/cross-country,23745616.jpg
4.,12,Mallory Bigelow,https://www.athletic.net/athlete/14083304/cross-country,18:59.4,Oxford,https://www.athletic.net/athlete/14083304/cross-country,14083304.jpg
5.,11,Emmerson Clor,https://www.athletic.net/athlete/12442725/cross-country,19:06.0,Romeo,https://www.athletic.net/athlete/12442725/cross-country,12442725.jpg
6.,12,Olivia Purdy,https://www.athletic.net/athlete/18851821/cross-country,19:09.3,Romeo,https://www.athletic.net/athlete/18851821/cross-country,18851821.jpg
7.,12,Kaelin Hughes,https://www.athletic.net/athlete/18787976/cross-country,19:10.3,Livonia Stevenson,https://www.athletic.net/athlete/18787976/cross-country,18787976.jpg
8.,10,El McMahan,https://www.athletic.net/athlete/23596562/cross-country,19:16.1,Rochester Adams,https://www.athletic.net/athlete/23596562/cross-country,23596562.jpg
9.,12,Violet Hrabovsky,https://www.athletic.net/athlete/13894494/cross-country,19:20.8,Romeo,https://www.athletic.net/athlete/13894494/cross-country,13894494.jpg
10.,10,Ava Goodman,https://www.athletic.net/athlete/12420941/cross-country,19:43.1,Hartland,https://www.athletic.net/athlete/12420941/cross-country,12420941.jpg
11.,10,Irie Scrase,https://www.athletic.net/athlete/23564884/cross-country,19:48.9,Ann Arbor Skyline,https://www.athletic.net/athlete/23564884/cross-country,23564884.jpg
12.,11,Mackenzie Dicken,https://www.athletic.net/athlete/22234960/cross-country,19:53.5,Plymouth,https://www.athletic.net/athlete/22234960/cross-country,22234960.jpg
13.,12,Taylor Brodeur,https://www.athletic.net/athlete/17407851/cross-country,19:59.1,Oxford,https://www.athletic.net/athlete/17407851/cross-country,17407851.jpg
14.,9,Ava Thomas,https://www.athletic.net/athlete/26416145/cross-country,19:59.2,Rochester Adams,https://www.athletic.net/athlete/26416145/cross-country,26416145.jpg
15.,11,Ella Goodsell,https://www.athletic.net/athlete/23507823/cross-country,19:59.5,Romeo,https://www.athletic.net/athlete/23507823/cross-country,23507823.jpg
16.,11,Nevaeh Polovina,https://www.athletic.net/athlete/24213634/cross-country,20:01.5,Davison,https://www.athletic.net/athlete/24213634/cross-country,24213634.jpg
17.,12,Grace Tykocki,https://www.athletic.net/athlete/18448932/cross-country,20:03.7,Grand Blanc,https://www.athletic.net/athlete/18448932/cross-country,18448932.jpg
18.,11,Audrey Hamilton,https://www.athletic.net/athlete/21248855/cross-country,20:04.6,Troy,https://www.athletic.net/athlete/21248855/cross-country,21248855.jpg
19.,10,Kodie Snyder,https://www.athletic.net/athlete/19005091/cross-country,20:06.8,Dexter,https://www.athletic.net/athlete/19005091/cross-country,19005091.jpg
20.,12,Kaitlyn Kauppila,https://www.athletic.net/athlete/18848872/cross-country,20:11.0,Rochester Adams,https://www.athletic.net/athlete/18848872/cross-country,18848872.jpg
21.,12,Madie Miller,https://www.athletic.net/athlete/18867473/cross-country,20:13.9,Troy,https://www.athletic.net/athlete/18867473/cross-country,18867473.jpg
22.,12,Alena Blumberg,https://www.athletic.net/athlete/18768902/cross-country,20:17.3,Dexter,https://www.athletic.net/athlete/18768902/cross-country,18768902.jpg
23.,12,Sydney Roberts,https://www.athletic.net/athlete/19477928/cross-country,20:19.7,Midland Dow,https://www.athletic.net/athlete/19477928/cross-country,19477928.jpg
24.,11,Sophia Nunnery,https://www.athletic.net/athlete/18167970/cross-country,20:22.2,Hartland,https://www.athletic.net/athlete/18167970/cross-country,18167970.jpg
25.,11,Elliana Neuer,https://www.athletic.net/athlete/17314444/cross-country,20:25.8,Hartland,https://www.athletic.net/athlete/17314444/cross-country,17314444.jpg
26.,10,Reese Rosbolt,https://www.athletic.net/athlete/15803371/cross-country,20:28.6,Romeo,https://www.athletic.net/athlete/15803371/cross-country,15803371.jpg
27.,9,Hannah DePestel,https://www.athletic.net/athlete/12454586/cross-country,20:40.4,Hartland,https://www.athletic.net/athlete/12454586/cross-country,12454586.jpg
28.,11,Cecilia Kreiter,https://www.athletic.net/athlete/22508836/cross-country,20:41.6,Rochester Adams,https://www.athletic.net/athlete/22508836/cross-country,22508836.jpg
29.,9,Layla Blumberg,https://www.athletic.net/athlete/21411150/cross-country,20:44.5,Dexter,https://www.athletic.net/athlete/21411150/cross-country,21411150.jpg
30.,12,Annabel O'Haver,https://www.athletic.net/athlete/17349283/cross-country,20:48.7,Dexter,https://www.athletic.net/athlete/17349283/cross-country,17349283.jpg
31.,10,Lilianna Peace,https://www.athletic.net/athlete/23538491/cross-country,21:07.4,Clinton Twp. Chippewa Valley,https://www.athletic.net/athlete/23538491/cross-country,23538491.jpg
32.,12,Olivia Gartrell,https://www.athletic.net/athlete/15803650/cross-country,21:11.5,Davison,https://www.athletic.net/athlete/15803650/cross-country,15803650.jpg
33.,10,Maggie Baginski,https://www.athletic.net/athlete/23656977/cross-country,21:13.5,Utica Eisenhower,https://www.athletic.net/athlete/23656977/cross-country,23656977.jpg
34.,9,Kate Macfarlane,https://www.athletic.net/athlete/18894551/cross-country,21:18.4,Midland Dow,https://www.athletic.net/athlete/18894551/cross-country,18894551.jpg
35.,10,Anna Halliday,https://www.athletic.net/athlete/23705531/cross-country,21:19.6,Howell,https://www.athletic.net/athlete/23705531/cross-country,23705531.jpg
36.,10,Brooklyn Wiltse,https://www.athletic.net/athlete/17259425/cross-country,21:20.8,Davison,https://www.athletic.net/athlete/17259425/cross-country,17259425.jpg
37.,10,Linda Lopez,https://www.athletic.net/athlete/24231637/cross-country,21:22.3,Lake Orion,https://www.athletic.net/athlete/24231637/cross-country,24231637.jpg
38.,11,Amelia Cribbins,https://www.athletic.net/athlete/21056335/cross-country,21:28.2,Dexter,https://www.athletic.net/athlete/21056335/cross-country,21056335.jpg
39.,10,Lauren Giroux,https://www.athletic.net/athlete/23627796/cross-country,21:31.2,Troy,https://www.athletic.net/athlete/23627796/cross-country,23627796.jpg
40.,12,Addison Bruckman,https://www.athletic.net/athlete/18768906/cross-country,21:31.9,Dexter,https://www.athletic.net/athlete/18768906/cross-country,18768906.jpg
41.,9,Lila Edison,https://www.athletic.net/athlete/23349671/cross-country,21:47.4,Ann Arbor Skyline,https://www.athletic.net/athlete/23349671/cross-country,23349671.jpg
42.,12,Lia Toltzman,https://www.athletic.net/athlete/18867476/cross-country,21:49.5,Troy,https://www.athletic.net/athlete/18867476/cross-country,18867476.jpg
43.,11,Britta Anderson,https://www.athletic.net/athlete/21231510/cross-country,21:49.9,Rochester Adams,https://www.athletic.net/athlete/21231510/cross-country,21231510.jpg
44.,12,Rebecca Secord,https://www.athletic.net/athlete/22518725/cross-country,21:50.6,Oxford,https://www.athletic.net/athlete/22518725/cross-country,22518725.jpg
45.,10,Isla Tharp,https://www.athletic.net/athlete/23349719/cross-country,21:52.3,Ann Arbor Skyline,https://www.athletic.net/athlete/23349719/cross-country,23349719.jpg
46.,12,Jamie Patterson,https://www.athletic.net/athlete/14083324/cross-country,21:55.3,Oxford,https://www.athletic.net/athlete/14083324/cross-country,14083324.jpg
47.,11,Madeleine Varhola,https://www.athletic.net/athlete/18308170/cross-country,21:55.7,Midland Dow,https://www.athletic.net/athlete/18308170/cross-country,18308170.jpg
48.,11,Caroline LaPointe,https://www.athletic.net/athlete/22234989/cross-country,21:56.7,Plymouth,https://www.athletic.net/athlete/22234989/cross-country,22234989.jpg
49.,12,Camden Essenmacher,https://www.athletic.net/athlete/21166492/cross-country,21:57.8,Hartland,https://www.athletic.net/athlete/21166492/cross-country,21166492.jpg
50.,9,Sienna Chapin,https://www.athletic.net/athlete/20511213/cross-country,21:58.5,Oxford,https://www.athletic.net/athlete/20511213/cross-country,20511213.jpg
51.,9,Avery Hill,https://www.athletic.net/athlete/26416143/cross-country,21:59.4,Rochester Adams,https://www.athletic.net/athlete/26416143/cross-country,26416143.jpg
52.,9,Livia Willing,https://www.athletic.net/athlete/19088553/cross-country,22:01.2,Grand Blanc,https://www.athletic.net/athlete/19088553/cross-country,19088553.jpg
53.,12,Irene Oh,https://www.athletic.net/athlete/18867474/cross-country,22:02.6,Troy,https://www.athletic.net/athlete/18867474/cross-country,18867474.jpg
54.,10,Micali Teeple,https://www.athletic.net/athlete/23520368/cross-country,22:08.5,Grand Blanc,https://www.athletic.net/athlete/23520368/cross-country,23520368.jpg
55.,10,Alison Kauffman,https://www.athletic.net/athlete/23564882/cross-country,22:09.9,Ann Arbor Skyline,https://www.athletic.net/athlete/23564882/cross-country,23564882.jpg
56.,10,Mara Mocanu,https://www.athletic.net/athlete/23687883/cross-country,22:13.0,Ann Arbor Skyline,https://www.athletic.net/athlete/23687883/cross-country,23687883.jpg
57.,9,Chloe Cratsenburg,https://www.athletic.net/athlete/26371451/cross-country,22:19.2,Plymouth,https://www.athletic.net/athlete/26371451/cross-country,26371451.jpg
58.,11,Laila Bodell,https://www.athletic.net/athlete/21202054/cross-country,22:23.2,Oxford,https://www.athletic.net/athlete/21202054/cross-country,21202054.jpg
59.,12,Allison Nussear,https://www.athletic.net/athlete/15021226/cross-country,22:27.4,Midland Dow,https://www.athletic.net/athlete/15021226/cross-country,15021226.jpg
60.,9,Lauryn Harper,https://www.athletic.net/athlete/26388826/cross-country,22:29.1,Troy Athens,https://www.athletic.net/athlete/26388826/cross-country,26388826.jpg
61.,11,Maddy Piotrowski,https://www.athletic.net/athlete/22509839/cross-country,22:29.5,Troy Athens,https://www.athletic.net/athlete/22509839/cross-country,22509839.jpg
62.,11,Nora Rioux,https://www.athletic.net/athlete/21149074/cross-country,22:33.4,Howell,https://www.athletic.net/athlete/21149074/cross-country,21149074.jpg
63.,12,Charlotte Long,https://www.athletic.net/athlete/18851817/cross-country,22:34.2,Utica Eisenhower,https://www.athletic.net/athlete/18851817/cross-country,18851817.jpg
64.,12,Hannah Sisson,https://www.athletic.net/athlete/15990720/cross-country,22:43.6,Dexter,https://www.athletic.net/athlete/15990720/cross-country,15990720.jpg
65.,9,Avery Strom,https://www.athletic.net/athlete/26407396/cross-country,22:45.0,Troy,https://www.athletic.net/athlete/26407396/cross-country,26407396.jpg
66.,11,Tessa Swier,https://www.athletic.net/athlete/18808258/cross-country,22:47.7,Midland Dow,https://www.athletic.net/athlete/18808258/cross-country,18808258.jpg
67.,11,Gianna D'Angelo,https://www.athletic.net/athlete/21126809/cross-country,22:51.2,Utica Ford,https://www.athletic.net/athlete/21126809/cross-country,21126809.jpg
68.,12,Isabel Farley-Gillay,https://www.athletic.net/athlete/19825608/cross-country,22:52.0,Plymouth,https://www.athletic.net/athlete/19825608/cross-country,19825608.jpg
69.,12,Meredith Winn,https://www.athletic.net/athlete/20248518/cross-country,22:54.3,Utica Ford,https://www.athletic.net/athlete/20248518/cross-country,20248518.jpg
70.,10,Valentina Mansour,https://www.athletic.net/athlete/23611688/cross-country,23:00.4,Troy Athens,https://www.athletic.net/athlete/23611688/cross-country,23611688.jpg
71.,11,Elaina Friedmann,https://www.athletic.net/athlete/21111396/cross-country,23:10.7,Clinton Twp. Chippewa Valley,https://www.athletic.net/athlete/21111396/cross-country,21111396.jpg
72.,12,Regina Garcia Burciaga,https://www.athletic.net/athlete/18848868/cross-country,23:15.4,Rochester Adams,https://www.athletic.net/athlete/18848868/cross-country,18848868.jpg
73.,12,Madison Shorkey,https://www.athletic.net/athlete/21249034/cross-country,23:16.7,Bay City John Glenn,https://www.athletic.net/athlete/21249034/cross-country,21249034.jpg
74.,11,Madeline Samborski,https://www.athletic.net/athlete/18167977/cross-country,23:20.3,Hartland,https://www.athletic.net/athlete/18167977/cross-country,18167977.jpg
75.,12,Jessica Duncan,https://www.athletic.net/athlete/18867465/cross-country,23:22.5,Troy,https://www.athletic.net/athlete/18867465/cross-country,18867465.jpg
76.,11,Lillian Wood,https://www.athletic.net/athlete/21192928/cross-country,23:23.4,Plymouth,https://www.athletic.net/athlete/21192928/cross-country,21192928.jpg
77.,12,Vanessa Skorski,https://www.athletic.net/athlete/18720633/cross-country,23:32.7,Clinton Twp. Chippewa Valley,https://www.athletic.net/athlete/18720633/cross-country,18720633.jpg
78.,12,Valeria Miranda-Diaz,https://www.athletic.net/athlete/18765106/cross-country,23:40.2,Troy Athens,https://www.athletic.net/athlete/18765106/cross-country,18765106.jpg
79.,9,Karinna Waara,https://www.athletic.net/athlete/26355200/cross-country,23:40.3,Livonia Stevenson,https://www.athletic.net/athlete/26355200/cross-country,26355200.jpg
80.,10,Isabella Rushlow,https://www.athletic.net/athlete/23586331/cross-country,23:41.7,Plymouth,https://www.athletic.net/athlete/23586331/cross-country,23586331.jpg
81.,11,Sarah Albright,https://www.athletic.net/athlete/16049084/cross-country,23:44.1,Grand Blanc,https://www.athletic.net/athlete/16049084/cross-country,16049084.jpg
82.,10,Laura Municio Herranz,https://www.athletic.net/athlete/26391669/cross-country,23:44.5,Midland Dow,https://www.athletic.net/athlete/26391669/cross-country,26391669.jpg
83.,10,Mary Wright,https://www.athletic.net/athlete/23629916/cross-country,23:45.8,New Baltimore Anchor Bay,https://www.athletic.net/athlete/23629916/cross-country,23629916.jpg
84.,9,Grace McDonald,https://www.athletic.net/athlete/26286897/cross-country,23:46.4,Utica Ford,https://www.athletic.net/athlete/26286897/cross-country,26286897.jpg
85.,10,Caleigh Friedmann,https://www.athletic.net/athlete/23441258/cross-country,23:50.1,Clinton Twp. Chippewa Valley,https://www.athletic.net/athlete/23441258/cross-country,23441258.jpg
86.,10,Chelsea Lai,https://www.athletic.net/athlete/23586211/cross-country,23:51.5,Plymouth,https://www.athletic.net/athlete/23586211/cross-country,23586211.jpg
87.,11,Lily Cavataio,https://www.athletic.net/athlete/23158467/cross-country,23:54.9,Troy Athens,https://www.athletic.net/athlete/23158467/cross-country,23158467.jpg
88.,10,Lillian (Lilly) Rodger,https://www.athletic.net/athlete/26354708/cross-country,24:04.9,Livonia Stevenson,https://www.athletic.net/athlete/26354708/cross-country,26354708.jpg
89.,12,Katherine Farmer,https://www.athletic.net/athlete/21226577/cross-country,24:12.3,Utica Eisenhower,https://www.athletic.net/athlete/21226577/cross-country,21226577.jpg
90.,12,Ayla Balazer,https://www.athletic.net/athlete/19352189/cross-country,24:18.8,Ann Arbor Skyline,https://www.athletic.net/athlete/19352189/cross-country,19352189.jpg
91.,12,Claire Allard,https://www.athletic.net/athlete/18880235/cross-country,24:22.4,Grand Blanc,https://www.athletic.net/athlete/18880235/cross-country,18880235.jpg
92.,11,Annabella Gjokaj,https://www.athletic.net/athlete/25493736/cross-country,24:29.5,Utica Eisenhower,https://www.athletic.net/athlete/25493736/cross-country,25493736.jpg
93.,12,Ruth Cotton,https://www.athletic.net/athlete/18887528/cross-country,24:44.4,Davison,https://www.athletic.net/athlete/18887528/cross-country,18887528.jpg
94.,10,Maddie Leslie,https://www.athletic.net/athlete/24782202/cross-country,24:46.6,New Baltimore Anchor Bay,https://www.athletic.net/athlete/24782202/cross-country,24782202.jpg
95.,10,Samantha DeFrain,https://www.athletic.net/athlete/24782197/cross-country,24:49.3,New Baltimore Anchor Bay,https://www.athletic.net/athlete/24782197/cross-country,24782197.jpg
96.,12,Macie Masterson,https://www.athletic.net/athlete/18846367/cross-country,24:52.7,Utica Ford,https://www.athletic.net/athlete/18846367/cross-country,18846367.jpg
97.,11,Samantha Pare,https://www.athletic.net/athlete/20660647/cross-country,25:01.0,Howell,https://www.athletic.net/athlete/20660647/cross-country,20660647.jpg
98.,10,Isabella Molnar,https://www.athletic.net/athlete/17350241/cross-country,25:03.0,Grand Blanc,https://www.athletic.net/athlete/17350241/cross-country,17350241.jpg
99.,11,Emma Ramales,https://www.athletic.net/athlete/26340968/cross-country,25:10.3,Utica Eisenhower,https://www.athletic.net/athlete/26340968/cross-country,26340968.jpg
100.,11,Emma Miller,https://www.athletic.net/athlete/21126818/cross-country,25:13.4,Utica Ford,https://www.athletic.net/athlete/21126818/cross-country,21126818.jpg
101.,9,Ava Pouliot,https://www.athletic.net/athlete/26345768/cross-country,25:20.9,New Baltimore Anchor Bay,https://www.athletic.net/athlete/26345768/cross-country,26345768.jpg
102.,12,Chloe DeLand,https://www.athletic.net/athlete/18717881/cross-country,25:29.5,Howell,https://www.athletic.net/athlete/18717881/cross-country,18717881.jpg
103.,9,Kaitlynne Litwiller,https://www.athletic.net/athlete/18890647/cross-country,25:32.8,Davison,https://www.athletic.net/athlete/18890647/cross-country,18890647.jpg
104.,12,Sadie Siemen,https://www.athletic.net/athlete/23427637/cross-country,25:36.6,Clinton Twp. Chippewa Valley,https://www.athletic.net/athlete/23427637/cross-country,23427637.jpg
105.,11,Tatiana Nault,https://www.athletic.net/athlete/23784863/cross-country,25:40.0,Howell,https://www.athletic.net/athlete/23784863/cross-country,23784863.jpg
106.,10,Greer Nimmo,https://www.athletic.net/athlete/23656980/cross-country,25:47.4,Utica Eisenhower,https://www.athletic.net/athlete/23656980/cross-country,23656980.jpg
107.,11,Tenaya Jendza,https://www.athletic.net/athlete/21151428/cross-country,25:51.5,New Baltimore Anchor Bay,https://www.athletic.net/athlete/21151428/cross-country,21151428.jpg
108.,10,Kerrington Fields-McCurdy,https://www.athletic.net/athlete/24803724/cross-country,25:51.9,Livonia Stevenson,https://www.athletic.net/athlete/24803724/cross-country,24803724.jpg
109.,10,Julianne Drobek,https://www.athletic.net/athlete/23629920/cross-country,26:05.6,New Baltimore Anchor Bay,https://www.athletic.net/athlete/23629920/cross-country,23629920.jpg
110.,10,Alexis Bosma,https://www.athletic.net/athlete/23656978/cross-country,26:18.3,Utica Eisenhower,https://www.athletic.net/athlete/23656978/cross-country,23656978.jpg
111.,10,Lauren Austin,https://www.athletic.net/athlete/23685320/cross-country,26:20.6,Livonia Stevenson,https://www.athletic.net/athlete/23685320/cross-country,23685320.jpg
112.,11,Morgan Desormeau,https://www.athletic.net/athlete/21190488/cross-country,26:28.5,Livonia Stevenson,https://www.athletic.net/athlete/21190488/cross-country,21190488.jpg
113.,11,Kyleigh Bunting,https://www.athletic.net/athlete/17991246/cross-country,26:43.9,Bay City John Glenn,https://www.athletic.net/athlete/17991246/cross-country,17991246.jpg
114.,11,Addison Williams,https://www.athletic.net/athlete/26421709/cross-country,27:08.3,Howell,https://www.athletic.net/athlete/26421709/cross-country,26421709.jpg
115.,11,Yolanda Gascho,https://www.athletic.net/athlete/21990503/cross-country,27:21.4,Clinton Twp. Chippewa Valley,https://www.athletic.net/athlete/21990503/cross-country,21990503.jpg
116.,10,Lacy Ortega,https://www.athletic.net/athlete/23561775/cross-country,27:22.0,Utica Ford,https://www.athletic.net/athlete/23561775/cross-country,23561775.jpg
117.,9,Karalina Davis,https://www.athletic.net/athlete/20444396/cross-country,28:11.5,Bay City John Glenn,https://www.athletic.net/athlete/20444396/cross-country,20444396.jpg
118.,12,Elyse York,https://www.athletic.net/athlete/26353232/cross-country,29:52.1,Bay City John Glenn,https://www.athletic.net/athlete/26353232/cross-country,26353232.jpg
119.,10,Chloe Mezza,https://www.athletic.net/athlete/23629914/cross-country,29:54.6,New Baltimore Anchor Bay,https://www.athletic.net/athlete/23629914/cross-country,23629914.jpg
120.,11,Mya Sebastian,https://www.athletic.net/athlete/22683987/cross-country,30:05.5,Utica Ford,https://www.athletic.net/athlete/22683987/cross-country,22683987.jpg
121.,12,Bella Town,https://www.athletic.net/athlete/21170738/cross-country,31:10.1,Bay City John Glenn,https://www.athletic.net/athlete/21170738/cross-country,21170738.jpg
122.,12,Ava Idalski,https://www.athletic.net/athlete/18794668/cross-country,32:25.0,Bay City John Glenn,https://www.athletic.net/athlete/18794668/cross-country,18794668.jpg
