Bret Clements Bath Invitational Womens 5000 Meters Class 1
Sat Sep 7 2024
https://www.athletic.net/CrossCountry/meet/236875/results/947078
"<p>At the Bret Clements Bath Invitational on September 7, 2024, the Ann Arbor Skyline women's cross country team placed 6th overall with a score of 146. Top performers included <span class=""athlete"">Irie Scrase</span> (<time>20:04.61</time>), <span class=""athlete"">Isla Tharp</span> (<time>20:34.25</time> PR), and <span class=""athlete"">Lila Edison</span> (<time>20:55.12</time> PR). <span class=""athlete"">Becca Van Lent</span> (<time>21:38.76</time> SR) and <span class=""athlete"">Ayla Balazer</span> (<time>21:55.86</time> SR) rounded out Skyline's top five runners. The team's spread was 1:51, reflecting strong efforts across the board.</p>"
Place,Team,Score
1,Chuck Block Timing,45
2,Saline,76
3,Northville,78
4,Okemos,94
5,DeWitt,99
6,White Lake Lakeland,146
7,Ann Arbor Skyline,220
8,East Lansing,244
9,Holly,258
10,Marian (Bloomfield Hills),311
11,Fenton,337
12,Flushing,348

Place,Grade,Name,Athlete Link,Time,Team,Team Link,Profile Pic
1.,9,McKinley Jones,https://www.athletic.net/athlete/26372415/cross-country,18:46.79,Saline,https://www.athletic.net/athlete/26372415/cross-country,26372415.jpg
2.,9,Rachel Smith,https://www.athletic.net/athlete/22661218/cross-country,18:50.57,Okemos,https://www.athletic.net/athlete/22661218/cross-country,22661218.jpg
3.,9,Savannah Staton,https://www.athletic.net/athlete/26372417/cross-country,18:55.65,Saline,https://www.athletic.net/athlete/26372417/cross-country,26372417.jpg
4.,12,Ayla Holben,https://www.athletic.net/athlete/18693914/cross-country,19:00.93,DeWitt,https://www.athletic.net/athlete/18693914/cross-country,18693914.jpg
5.,11,October Harns,https://www.athletic.net/athlete/21236444/cross-country,19:13.99,Okemos,https://www.athletic.net/athlete/21236444/cross-country,21236444.jpg
6.,10,Gabriella Fugazzi,https://www.athletic.net/athlete/18930456/cross-country,19:16.24,Okemos,https://www.athletic.net/athlete/18930456/cross-country,18930456.jpg
7.,12,Cassie Garcia,https://www.athletic.net/athlete/14256873/cross-country,19:21.97,Northville,https://www.athletic.net/athlete/14256873/cross-country,14256873.jpg
8.,10,Colette Lozo,https://www.athletic.net/athlete/18567025/cross-country,19:29.14,Northville,https://www.athletic.net/athlete/18567025/cross-country,18567025.jpg
9.,12,Ava Alicandro,https://www.athletic.net/athlete/19837260/cross-country,19:31.23,White Lake Lakeland,https://www.athletic.net/athlete/19837260/cross-country,19837260.jpg
10.,10,Katarina Munson,https://www.athletic.net/athlete/23594665/cross-country,19:34.57,Saline,https://www.athletic.net/athlete/23594665/cross-country,23594665.jpg
11.,10,Irie Scrase,https://www.athletic.net/athlete/23564884/cross-country,20:04.61,Ann Arbor Skyline,https://www.athletic.net/athlete/23564884/cross-country,23564884.jpg
12.,11,Molly Kate Coates,https://www.athletic.net/athlete/21077348/cross-country,20:06.68,Northville,https://www.athletic.net/athlete/21077348/cross-country,21077348.jpg
13.,12,Mia Williams,https://www.athletic.net/athlete/25437069/cross-country,20:14.24,DeWitt,https://www.athletic.net/athlete/25437069/cross-country,25437069.jpg
14.,12,Alena Tiernan,https://www.athletic.net/athlete/20163783/cross-country,20:20.08,White Lake Lakeland,https://www.athletic.net/athlete/20163783/cross-country,20163783.jpg
15.,10,Sophie Roth,https://www.athletic.net/athlete/23594660/cross-country,20:22.38,Saline,https://www.athletic.net/athlete/23594660/cross-country,23594660.jpg
16.,11,Lillian (Lilli) Schlack,https://www.athletic.net/athlete/22262889/cross-country,20:22.52,Saline,https://www.athletic.net/athlete/22262889/cross-country,22262889.jpg
17.,12,Corynn Gady,https://www.athletic.net/athlete/18817743/cross-country,20:24.88,Saline,https://www.athletic.net/athlete/18817743/cross-country,18817743.jpg
18.,10,Maddie Lindley,https://www.athletic.net/athlete/25206033/cross-country,20:26.89,Holly,https://www.athletic.net/athlete/25206033/cross-country,25206033.jpg
19.,10,Maya Pletzer,https://www.athletic.net/athlete/23572906/cross-country,20:29.49,White Lake Lakeland,https://www.athletic.net/athlete/23572906/cross-country,23572906.jpg
20.,9,Emily Barrie,https://www.athletic.net/athlete/20697283/cross-country,20:30.89,East Lansing,https://www.athletic.net/athlete/20697283/cross-country,20697283.jpg
21.,9,Adelynn Turck,https://www.athletic.net/athlete/26372409/cross-country,20:33.88,Saline,https://www.athletic.net/athlete/26372409/cross-country,26372409.jpg
22.,10,Isla Tharp,https://www.athletic.net/athlete/23349719/cross-country,20:34.25,Ann Arbor Skyline,https://www.athletic.net/athlete/23349719/cross-country,23349719.jpg
23.,11,Ellie Jasperson,https://www.athletic.net/athlete/19107741/cross-country,20:40.55,Northville,https://www.athletic.net/athlete/19107741/cross-country,19107741.jpg
24.,12,Kayla Williams,https://www.athletic.net/athlete/18693921/cross-country,20:40.79,DeWitt,https://www.athletic.net/athlete/18693921/cross-country,18693921.jpg
25.,12,Grace Roth,https://www.athletic.net/athlete/18817756/cross-country,20:43.27,Saline,https://www.athletic.net/athlete/18817756/cross-country,18817756.jpg
26.,9,Aurora Doepker,https://www.athletic.net/athlete/18913933/cross-country,20:43.45,DeWitt,https://www.athletic.net/athlete/18913933/cross-country,18913933.jpg
27.,10,Ella Bilyk,https://www.athletic.net/athlete/18553157/cross-country,20:44.27,Northville,https://www.athletic.net/athlete/18553157/cross-country,18553157.jpg
28.,10,Genevieve Connolly,https://www.athletic.net/athlete/19119524/cross-country,20:47.24,White Lake Lakeland,https://www.athletic.net/athlete/19119524/cross-country,19119524.jpg
29.,12,Autumn Thompson,https://www.athletic.net/athlete/18693916/cross-country,20:49.38,DeWitt,https://www.athletic.net/athlete/18693916/cross-country,18693916.jpg
30.,11,Isabella Taber,https://www.athletic.net/athlete/21045971/cross-country,20:50.75,DeWitt,https://www.athletic.net/athlete/21045971/cross-country,21045971.jpg
31.,10,Morgan Scally,https://www.athletic.net/athlete/20856902/cross-country,20:52.87,White Lake Lakeland,https://www.athletic.net/athlete/20856902/cross-country,20856902.jpg
32.,12,Olivia Tandoc,https://www.athletic.net/athlete/15891553/cross-country,20:54.52,Okemos,https://www.athletic.net/athlete/15891553/cross-country,15891553.jpg
33.,9,Lila Edison,https://www.athletic.net/athlete/23349671/cross-country,20:55.12,Ann Arbor Skyline,https://www.athletic.net/athlete/23349671/cross-country,23349671.jpg
34.,10,Isabelle Verellen,https://www.athletic.net/athlete/19119526/cross-country,20:58.97,White Lake Lakeland,https://www.athletic.net/athlete/19119526/cross-country,19119526.jpg
35.,11,Fiona Whitmyer,https://www.athletic.net/athlete/18232554/cross-country,20:59.25,Okemos,https://www.athletic.net/athlete/18232554/cross-country,18232554.jpg
36.,9,Mya Bower,https://www.athletic.net/athlete/21328776/cross-country,21:01.02,Okemos,https://www.athletic.net/athlete/21328776/cross-country,21328776.jpg
37.,12,Mackenzie Sellenraad,https://www.athletic.net/athlete/18817758/cross-country,21:07.70,Saline,https://www.athletic.net/athlete/18817758/cross-country,18817758.jpg
38.,11,Elise Maurer,https://www.athletic.net/athlete/22253652/cross-country,21:10.40,Northville,https://www.athletic.net/athlete/22253652/cross-country,22253652.jpg
39.,9,Alyssa McFall,https://www.athletic.net/athlete/21328783/cross-country,21:18.95,Okemos,https://www.athletic.net/athlete/21328783/cross-country,21328783.jpg
40.,12,Rosie Gregory,https://www.athletic.net/athlete/14256906/cross-country,21:26.49,Northville,https://www.athletic.net/athlete/14256906/cross-country,14256906.jpg
41.,10,Lucia Lachapelle,https://www.athletic.net/athlete/26298066/cross-country,21:28.06,Northville,https://www.athletic.net/athlete/26298066/cross-country,26298066.jpg
42.,12,Abby Roth,https://www.athletic.net/athlete/18817755/cross-country,21:31.46,Saline,https://www.athletic.net/athlete/18817755/cross-country,18817755.jpg
43.,10,Becca Van Lent,https://www.athletic.net/athlete/24262808/cross-country,21:38.76,Ann Arbor Skyline,https://www.athletic.net/athlete/24262808/cross-country,24262808.jpg
44.,9,Zoha Mazhar,https://www.athletic.net/athlete/26298077/cross-country,21:42.27,Northville,https://www.athletic.net/athlete/26298077/cross-country,26298077.jpg
45.,12,Leah Shadduck,https://www.athletic.net/athlete/18693917/cross-country,21:45.00,DeWitt,https://www.athletic.net/athlete/18693917/cross-country,18693917.jpg
46.,9,Leah Krzeszewski,https://www.athletic.net/athlete/26332446/cross-country,21:45.31,Marian (Bloomfield Hills),https://www.athletic.net/athlete/26332446/cross-country,26332446.jpg
47.,12,Morgan Ashcroft,https://www.athletic.net/athlete/18799773/cross-country,21:49.50,DeWitt,https://www.athletic.net/athlete/18799773/cross-country,18799773.jpg
48.,12,Maya Labonte,https://www.athletic.net/athlete/18566791/cross-country,21:54.54,Northville,https://www.athletic.net/athlete/18566791/cross-country,18566791.jpg
49.,12,Ayla Balazer,https://www.athletic.net/athlete/19352189/cross-country,21:55.86,Ann Arbor Skyline,https://www.athletic.net/athlete/19352189/cross-country,19352189.jpg
50.,12,Abby Minnick,https://www.athletic.net/athlete/19667111/cross-country,21:57.77,East Lansing,https://www.athletic.net/athlete/19667111/cross-country,19667111.jpg
51.,12,Taryn Craven,https://www.athletic.net/athlete/18840205/cross-country,21:58.26,Fenton,https://www.athletic.net/athlete/18840205/cross-country,18840205.jpg
52.,10,Alison Kauffman,https://www.athletic.net/athlete/23564882/cross-country,21:58.92,Ann Arbor Skyline,https://www.athletic.net/athlete/23564882/cross-country,23564882.jpg
53.,9,Emma Wyciskalla,https://www.athletic.net/athlete/26332448/cross-country,21:59.56,Marian (Bloomfield Hills),https://www.athletic.net/athlete/26332448/cross-country,26332448.jpg
54.,11,Elizabeth Schafer,https://www.athletic.net/athlete/18232527/cross-country,22:07.37,Okemos,https://www.athletic.net/athlete/18232527/cross-country,18232527.jpg
55.,12,Abby Walton,https://www.athletic.net/athlete/18755983/cross-country,22:07.77,Marian (Bloomfield Hills),https://www.athletic.net/athlete/18755983/cross-country,18755983.jpg
56.,10,Jenna Sievert,https://www.athletic.net/athlete/19119530/cross-country,22:13.38,White Lake Lakeland,https://www.athletic.net/athlete/19119530/cross-country,19119530.jpg
57.,10,Olivia McDowell,https://www.athletic.net/athlete/24107871/cross-country,22:14.08,Holly,https://www.athletic.net/athlete/24107871/cross-country,24107871.jpg
58.,10,Mara Mocanu,https://www.athletic.net/athlete/23687883/cross-country,22:15.03,Ann Arbor Skyline,https://www.athletic.net/athlete/23687883/cross-country,23687883.jpg
59.,11,Julia Moore,https://www.athletic.net/athlete/18941339/cross-country,22:15.97,East Lansing,https://www.athletic.net/athlete/18941339/cross-country,18941339.jpg
60.,9,Kaila Cravotta,https://www.athletic.net/athlete/18941125/cross-country,22:17.16,East Lansing,https://www.athletic.net/athlete/18941125/cross-country,18941125.jpg
61.,12,Izzy MacCaughan,https://www.athletic.net/athlete/18840215/cross-country,22:25.96,Fenton,https://www.athletic.net/athlete/18840215/cross-country,18840215.jpg
62.,9,Elin Tenbrink,https://www.athletic.net/athlete/23349718/cross-country,22:29.94,Ann Arbor Skyline,https://www.athletic.net/athlete/23349718/cross-country,23349718.jpg
63.,9,Dalia Fermaglich,https://www.athletic.net/athlete/18941130/cross-country,22:32.31,East Lansing,https://www.athletic.net/athlete/18941130/cross-country,18941130.jpg
64.,10,Olivia Love,https://www.athletic.net/athlete/23596339/cross-country,22:38.76,Okemos,https://www.athletic.net/athlete/23596339/cross-country,23596339.jpg
65.,12,Lola Walworth,https://www.athletic.net/athlete/15891565/cross-country,22:39.90,Okemos,https://www.athletic.net/athlete/15891565/cross-country,15891565.jpg
66.,9,Julia Bambach,https://www.athletic.net/athlete/18960261/cross-country,22:43.44,Holly,https://www.athletic.net/athlete/18960261/cross-country,18960261.jpg
67.,11,Tia Cocciolone,https://www.athletic.net/athlete/22520342/cross-country,22:45.55,Ann Arbor Skyline,https://www.athletic.net/athlete/22520342/cross-country,22520342.jpg
68.,11,Lucineia Harvey,https://www.athletic.net/athlete/21146071/cross-country,22:47.93,South Lyon,https://www.athletic.net/athlete/21146071/cross-country,21146071.jpg
69.,12,Lily Polega,https://www.athletic.net/athlete/18171699/cross-country,22:47.94,Flushing,https://www.athletic.net/athlete/18171699/cross-country,18171699.jpg
70.,10,Isla McConnell,https://www.athletic.net/athlete/18322837/cross-country,22:48.25,East Lansing,https://www.athletic.net/athlete/18322837/cross-country,18322837.jpg
71.,11,Kate Chenault,https://www.athletic.net/athlete/15906711/cross-country,22:49.64,East Lansing,https://www.athletic.net/athlete/15906711/cross-country,15906711.jpg
72.,10,Gwen Stotts-Walshe,https://www.athletic.net/athlete/24802677/cross-country,22:49.94,Ann Arbor Skyline,https://www.athletic.net/athlete/24802677/cross-country,24802677.jpg
73.,12,Allee Sustrich,https://www.athletic.net/athlete/18693918/cross-country,22:58.11,DeWitt,https://www.athletic.net/athlete/18693918/cross-country,18693918.jpg
74.,10,Devon Byrne,https://www.athletic.net/athlete/18246481/cross-country,23:05.59,Holly,https://www.athletic.net/athlete/18246481/cross-country,18246481.jpg
75.,11,Catalina Colangelo Van Meek,https://www.athletic.net/athlete/21123839/cross-country,23:10.65,Marian (Bloomfield Hills),https://www.athletic.net/athlete/21123839/cross-country,21123839.jpg
76.,10,Taylor Byrne,https://www.athletic.net/athlete/18262800/cross-country,23:14.53,Holly,https://www.athletic.net/athlete/18262800/cross-country,18262800.jpg
77.,9,Katherine Hartle,https://www.athletic.net/athlete/26332462/cross-country,23:22.54,Marian (Bloomfield Hills),https://www.athletic.net/athlete/26332462/cross-country,26332462.jpg
78.,12,Madeline Augustyn,https://www.athletic.net/athlete/19837367/cross-country,23:29.74,White Lake Lakeland,https://www.athletic.net/athlete/19837367/cross-country,19837367.jpg
79.,9,Eleanor Olivo,https://www.athletic.net/athlete/21306893/cross-country,23:41.71,Flushing,https://www.athletic.net/athlete/21306893/cross-country,21306893.jpg
80.,12,Kyla Zonneveld,https://www.athletic.net/athlete/14199240/cross-country,23:49.16,White Lake Lakeland,https://www.athletic.net/athlete/14199240/cross-country,14199240.jpg
81.,9,Lucy Bott,https://www.athletic.net/athlete/18991755/cross-country,23:59.13,Fenton,https://www.athletic.net/athlete/18991755/cross-country,18991755.jpg
82.,11,Mary Claire Byerlein,https://www.athletic.net/athlete/26332454/cross-country,24:00.57,Marian (Bloomfield Hills),https://www.athletic.net/athlete/26332454/cross-country,26332454.jpg
83.,11,Madeleine Plowright,https://www.athletic.net/athlete/24786505/cross-country,24:03.57,East Lansing,https://www.athletic.net/athlete/24786505/cross-country,24786505.jpg
84.,11,Adela Jurado,https://www.athletic.net/athlete/21189321/cross-country,24:04.87,White Lake Lakeland,https://www.athletic.net/athlete/21189321/cross-country,21189321.jpg
85.,10,Miah Randall,https://www.athletic.net/athlete/18960276/cross-country,24:06.20,Holly,https://www.athletic.net/athlete/18960276/cross-country,18960276.jpg
86.,10,Eve Sheldon,https://www.athletic.net/athlete/23576191/cross-country,24:06.52,Flushing,https://www.athletic.net/athlete/23576191/cross-country,23576191.jpg
87.,9,Easton Frauenheim,https://www.athletic.net/athlete/26332449/cross-country,24:12.11,Marian (Bloomfield Hills),https://www.athletic.net/athlete/26332449/cross-country,26332449.jpg
88.,11,Kaitlynn Ortiz,https://www.athletic.net/athlete/21152063/cross-country,24:12.22,Flushing,https://www.athletic.net/athlete/21152063/cross-country,21152063.jpg
89.,11,Sarah Cook,https://www.athletic.net/athlete/21146070/cross-country,24:14.24,South Lyon,https://www.athletic.net/athlete/21146070/cross-country,21146070.jpg
90.,10,Nora Johnson,https://www.athletic.net/athlete/18941140/cross-country,24:16.42,East Lansing,https://www.athletic.net/athlete/18941140/cross-country,18941140.jpg
91.,12,Lindsay Kidder,https://www.athletic.net/athlete/18821224/cross-country,24:17.12,South Lyon,https://www.athletic.net/athlete/18821224/cross-country,18821224.jpg
92.,12,Ansley Lilley,https://www.athletic.net/athlete/22385134/cross-country,24:17.85,Marian (Bloomfield Hills),https://www.athletic.net/athlete/22385134/cross-country,22385134.jpg
93.,10,Lilly Reynolds,https://www.athletic.net/athlete/23676823/cross-country,24:19.33,Fenton,https://www.athletic.net/athlete/23676823/cross-country,23676823.jpg
94.,10,Anabelle Mangan,https://www.athletic.net/athlete/23573972/cross-country,24:21.25,South Lyon,https://www.athletic.net/athlete/23573972/cross-country,23573972.jpg
95.,11,Breanna Swiech,https://www.athletic.net/athlete/21146075/cross-country,24:22.05,South Lyon,https://www.athletic.net/athlete/21146075/cross-country,21146075.jpg
96.,12,Ella Kennedy,https://www.athletic.net/athlete/24820992/cross-country,24:37.61,Marian (Bloomfield Hills),https://www.athletic.net/athlete/24820992/cross-country,24820992.jpg
97.,10,Caelyn Bono,https://www.athletic.net/athlete/23676821/cross-country,24:43.73,Fenton,https://www.athletic.net/athlete/23676821/cross-country,23676821.jpg
98.,10,Ava Hierlihy,https://www.athletic.net/athlete/23531585/cross-country,25:19.32,Marian (Bloomfield Hills),https://www.athletic.net/athlete/23531585/cross-country,23531585.jpg
99.,12,Ellie Anderson,https://www.athletic.net/athlete/14069723/cross-country,25:23.47,East Lansing,https://www.athletic.net/athlete/14069723/cross-country,14069723.jpg
100.,9,Alessandra Sobczak,https://www.athletic.net/athlete/26340961/cross-country,25:23.55,South Lyon,https://www.athletic.net/athlete/26340961/cross-country,26340961.jpg
101.,10,Olivia Orr,https://www.athletic.net/athlete/18948225/cross-country,25:44.14,Flushing,https://www.athletic.net/athlete/18948225/cross-country,18948225.jpg
102.,12,Pia Ortlieb,https://www.athletic.net/athlete/26379121/cross-country,25:57.08,Fenton,https://www.athletic.net/athlete/26379121/cross-country,26379121.jpg
103.,9,Victoria Pena-Sweetman,https://www.athletic.net/athlete/26372148/cross-country,37:17.02,Fenton,https://www.athletic.net/athlete/26372148/cross-country,26372148.jpg
