Bret Clements Bath Invitational Mens 5000 Meters Class 1
Sat Sep 7 2024
https://www.athletic.net/CrossCountry/meet/236875/results/947077
"<p>At the Bret Clements Bath Invitational, the Skyline men's team secured 4th place overall with a score of 147. Leading the team was <span class=""athlete"">Bruno Cifaldi</span>, who finished with a season record (SR) time of <time>17:07.73</time>. <span class=""athlete"">Nicholas Yuan</span> followed closely, setting a personal record (PR) with a time of <time>17:13.08</time>, and <span class=""athlete"">Jack Robichaud</span> also achieved a PR with a time of <time>17:14.90</time>. Other notable performances came from <span class=""athlete"">Kyle Krasan</span> (<time>17:43.36</time> PR) and <span class=""athlete"">Zeke Lafferty</span> (<time>17:57.73</time> SR), rounding out the top five for Skyline. The team's spread was just under a minute, showcasing strong depth as they competed against tough opponents.</p>"
Place,Team,Score
1,Chuck Block Timing,20
2,Northville,62
3,Saline,105
4,Okemos,147
5,Ann Arbor Skyline,152
6,Ann Arbor Huron,157
7,DeWitt,182
8,Holly,209
9,Fenton,232
10,East Lansing,249
11,Flushing,327

Place,Grade,Name,Athlete Link,Time,Team,Team Link,Profile Pic
1.,12,Ethan Powell,https://www.athletic.net/athlete/17514447/cross-country,15:55.20,Northville,https://www.athletic.net/athlete/17514447/cross-country,17514447.jpg
2.,11,Ben Hartigan,https://www.athletic.net/athlete/21351035/cross-country,16:11.63,Northville,https://www.athletic.net/athlete/21351035/cross-country,21351035.jpg
3.,11,Ian Morgan,https://www.athletic.net/athlete/20362252/cross-country,16:17.20,Okemos,https://www.athletic.net/athlete/20362252/cross-country,20362252.jpg
4.,10,Brandon Cloud,https://www.athletic.net/athlete/18566554/cross-country,16:18.07,Northville,https://www.athletic.net/athlete/18566554/cross-country,18566554.jpg
5.,12,Theodore Davis,https://www.athletic.net/athlete/16019015/cross-country,16:21.37,Dansville,https://www.athletic.net/athlete/16019015/cross-country,16019015.jpg
6.,12,Ishaan Kundapur,https://www.athletic.net/athlete/15969030/cross-country,16:28.87,Northville,https://www.athletic.net/athlete/15969030/cross-country,15969030.jpg
7.,10,Jacob Szalay,https://www.athletic.net/athlete/23578358/cross-country,16:29.57,Saline,https://www.athletic.net/athlete/23578358/cross-country,23578358.jpg
8.,12,James Latstetter,https://www.athletic.net/athlete/15945274/cross-country,16:31.90,Flushing,https://www.athletic.net/athlete/15945274/cross-country,15945274.jpg
9.,11,Ethan Hertza,https://www.athletic.net/athlete/24224508/cross-country,16:32.76,Northville,https://www.athletic.net/athlete/24224508/cross-country,24224508.jpg
10.,12,Walker Brose,https://www.athletic.net/athlete/18801346/cross-country,16:35.78,Ann Arbor Huron,https://www.athletic.net/athlete/18801346/cross-country,18801346.jpg
11.,9,Gavin Katic,https://www.athletic.net/athlete/21615276/cross-country,16:37.12,Fenton,https://www.athletic.net/athlete/21615276/cross-country,21615276.jpg
12.,12,Saman Meshinchi,https://www.athletic.net/athlete/19858836/cross-country,16:39.36,Saline,https://www.athletic.net/athlete/19858836/cross-country,19858836.jpg
13.,12,Nick Barretto,https://www.athletic.net/athlete/18857002/cross-country,16:41.92,Northville,https://www.athletic.net/athlete/18857002/cross-country,18857002.jpg
14.,11,Ryan Stojov,https://www.athletic.net/athlete/15866516/cross-country,16:46.26,Northville,https://www.athletic.net/athlete/15866516/cross-country,15866516.jpg
15.,9,Wesley Rogan,https://www.athletic.net/athlete/26359896/cross-country,16:47.51,Saline,https://www.athletic.net/athlete/26359896/cross-country,26359896.jpg
16.,10,John (Jack) Klein,https://www.athletic.net/athlete/18922009/cross-country,16:48.46,Saline,https://www.athletic.net/athlete/18922009/cross-country,18922009.jpg
17.,11,Brennan LaRusso,https://www.athletic.net/athlete/21137579/cross-country,16:51.36,Saline,https://www.athletic.net/athlete/21137579/cross-country,21137579.jpg
18.,12,Collin Eckermann,https://www.athletic.net/athlete/10630350/cross-country,16:55.86,Saline,https://www.athletic.net/athlete/10630350/cross-country,10630350.jpg
19.,12,Nathan Beemer,https://www.athletic.net/athlete/15891382/cross-country,16:57.21,Okemos,https://www.athletic.net/athlete/15891382/cross-country,15891382.jpg
20.,12,Nolan Inglis,https://www.athletic.net/athlete/14024902/cross-country,16:58.01,DeWitt,https://www.athletic.net/athlete/14024902/cross-country,14024902.jpg
21.,11,Liam Preisser,https://www.athletic.net/athlete/26394514/cross-country,16:58.28,East Lansing,https://www.athletic.net/athlete/26394514/cross-country,26394514.jpg
22.,12,Jonah Kraft,https://www.athletic.net/athlete/18801352/cross-country,17:06.71,Ann Arbor Huron,https://www.athletic.net/athlete/18801352/cross-country,18801352.jpg
23.,12,Ritvik Ellendula,https://www.athletic.net/athlete/14256927/cross-country,17:07.72,Northville,https://www.athletic.net/athlete/14256927/cross-country,14256927.jpg
24.,11,Bruno Cifaldi,https://www.athletic.net/athlete/21147176/cross-country,17:07.73,Ann Arbor Skyline,https://www.athletic.net/athlete/21147176/cross-country,21147176.jpg
25.,10,Simon Shutt,https://www.athletic.net/athlete/18930280/cross-country,17:09.05,Okemos,https://www.athletic.net/athlete/18930280/cross-country,18930280.jpg
26.,11,Malcolm Cesario,https://www.athletic.net/athlete/20361871/cross-country,17:09.94,Okemos,https://www.athletic.net/athlete/20361871/cross-country,20361871.jpg
27.,10,Nicholas Yuan,https://www.athletic.net/athlete/21615273/cross-country,17:13.08,Ann Arbor Skyline,https://www.athletic.net/athlete/21615273/cross-country,21615273.jpg
28.,10,Broden Ladd,https://www.athletic.net/athlete/25206194/cross-country,17:14.69,Holly,https://www.athletic.net/athlete/25206194/cross-country,25206194.jpg
29.,12,Jack Robichaud,https://www.athletic.net/athlete/18820279/cross-country,17:14.90,Ann Arbor Skyline,https://www.athletic.net/athlete/18820279/cross-country,18820279.jpg
30.,10,Trevor Murphy,https://www.athletic.net/athlete/25206197/cross-country,17:18.93,Holly,https://www.athletic.net/athlete/25206197/cross-country,25206197.jpg
31.,10,Jacob Cole,https://www.athletic.net/athlete/23578350/cross-country,17:20.01,Saline,https://www.athletic.net/athlete/23578350/cross-country,23578350.jpg
32.,10,Carlos Basulto,https://www.athletic.net/athlete/23578349/cross-country,17:20.72,Saline,https://www.athletic.net/athlete/23578349/cross-country,23578349.jpg
33.,12,Jackson Walthorn,https://www.athletic.net/athlete/19903787/cross-country,17:21.92,DeWitt,https://www.athletic.net/athlete/19903787/cross-country,19903787.jpg
34.,10,Jack Lewis,https://www.athletic.net/athlete/17480356/cross-country,17:23.95,Northville,https://www.athletic.net/athlete/17480356/cross-country,17480356.jpg
35.,11,Colton Blackburn,https://www.athletic.net/athlete/17480339/cross-country,17:28.73,Northville,https://www.athletic.net/athlete/17480339/cross-country,17480339.jpg
36.,11,Francisco (Xisco) Dura,https://www.athletic.net/athlete/21156314/cross-country,17:35.78,Ann Arbor Huron,https://www.athletic.net/athlete/21156314/cross-country,21156314.jpg
37.,9,Cole Heikka,https://www.athletic.net/athlete/20316776/cross-country,17:40.11,Holly,https://www.athletic.net/athlete/20316776/cross-country,20316776.jpg
38.,11,Kyle Krasan,https://www.athletic.net/athlete/21245954/cross-country,17:43.36,Ann Arbor Skyline,https://www.athletic.net/athlete/21245954/cross-country,21245954.jpg
39.,10,Mason Raborn,https://www.athletic.net/athlete/18913900/cross-country,17:44.44,DeWitt,https://www.athletic.net/athlete/18913900/cross-country,18913900.jpg
40.,9,Gerard Gilmour,https://www.athletic.net/athlete/18991586/cross-country,17:45.20,Fenton,https://www.athletic.net/athlete/18991586/cross-country,18991586.jpg
41.,11,Joshua Carpenter,https://www.athletic.net/athlete/15811116/cross-country,17:46.96,DeWitt,https://www.athletic.net/athlete/15811116/cross-country,15811116.jpg
42.,12,Andrew Fugazzi,https://www.athletic.net/athlete/18865860/cross-country,17:48.05,Okemos,https://www.athletic.net/athlete/18865860/cross-country,18865860.jpg
43.,12,Ian Goodrich,https://www.athletic.net/athlete/14024898/cross-country,17:52.49,DeWitt,https://www.athletic.net/athlete/14024898/cross-country,14024898.jpg
44.,11,Thomas (TJ) Conley,https://www.athletic.net/athlete/21156307/cross-country,17:56.31,Ann Arbor Huron,https://www.athletic.net/athlete/21156307/cross-country,21156307.jpg
45.,10,William VanHaaften,https://www.athletic.net/athlete/23578359/cross-country,17:56.65,Saline,https://www.athletic.net/athlete/23578359/cross-country,23578359.jpg
46.,12,William Rosales,https://www.athletic.net/athlete/18800611/cross-country,17:56.93,Saline,https://www.athletic.net/athlete/18800611/cross-country,18800611.jpg
47.,11,Zeke Lafferty,https://www.athletic.net/athlete/21142917/cross-country,17:57.73,Ann Arbor Skyline,https://www.athletic.net/athlete/21142917/cross-country,21142917.jpg
48.,12,Finley Markle,https://www.athletic.net/athlete/24783654/cross-country,18:00.76,Okemos,https://www.athletic.net/athlete/24783654/cross-country,24783654.jpg
49.,11,Jackson Gast,https://www.athletic.net/athlete/15906749/cross-country,18:04.71,East Lansing,https://www.athletic.net/athlete/15906749/cross-country,15906749.jpg
50.,11,Aiden Marple,https://www.athletic.net/athlete/15811128/cross-country,18:05.42,DeWitt,https://www.athletic.net/athlete/15811128/cross-country,15811128.jpg
51.,9,Oskar MacArthur,https://www.athletic.net/athlete/23349698/cross-country,18:06.00,Ann Arbor Skyline,https://www.athletic.net/athlete/23349698/cross-country,23349698.jpg
52.,11,Landon Heikka,https://www.athletic.net/athlete/22616463/cross-country,18:08.35,Holly,https://www.athletic.net/athlete/22616463/cross-country,22616463.jpg
53.,12,Jaylen Wildman,https://www.athletic.net/athlete/15916421/cross-country,18:16.43,Flushing,https://www.athletic.net/athlete/15916421/cross-country,15916421.jpg
54.,9,Martin Gehrke,https://www.athletic.net/athlete/19203161/cross-country,18:17.76,Ann Arbor Skyline,https://www.athletic.net/athlete/19203161/cross-country,19203161.jpg
55.,11,Braylon Lenneman,https://www.athletic.net/athlete/15811125/cross-country,18:18.44,DeWitt,https://www.athletic.net/athlete/15811125/cross-country,15811125.jpg
56.,12,Parker Razelun,https://www.athletic.net/athlete/18820257/cross-country,18:19.01,Ann Arbor Skyline,https://www.athletic.net/athlete/18820257/cross-country,18820257.jpg
57.,10,Felix Spitz,https://www.athletic.net/athlete/23565536/cross-country,18:21.00,Lansing Everett,https://www.athletic.net/athlete/23565536/cross-country,23565536.jpg
58.,11,Gustaf Finn,https://www.athletic.net/athlete/21147171/cross-country,18:22.78,Ann Arbor Skyline,https://www.athletic.net/athlete/21147171/cross-country,21147171.jpg
59.,10,Will Chelotti,https://www.athletic.net/athlete/18913877/cross-country,18:23.51,DeWitt,https://www.athletic.net/athlete/18913877/cross-country,18913877.jpg
60.,9,Henry Golembiewski,https://www.athletic.net/athlete/23080371/cross-country,18:24.67,Fenton,https://www.athletic.net/athlete/23080371/cross-country,23080371.jpg
61.,12,Ian Smith,https://www.athletic.net/athlete/18649051/cross-country,18:25.02,Holly,https://www.athletic.net/athlete/18649051/cross-country,18649051.jpg
62.,12,Soren Stone-Palmquist,https://www.athletic.net/athlete/21748885/cross-country,18:38.90,Ann Arbor Huron,https://www.athletic.net/athlete/21748885/cross-country,21748885.jpg
63.,11,Zac Brown,https://www.athletic.net/athlete/21800413/cross-country,18:43.10,Holly,https://www.athletic.net/athlete/21800413/cross-country,21800413.jpg
64.,9,Alejandro Nagy,https://www.athletic.net/athlete/18941263/cross-country,18:45.41,East Lansing,https://www.athletic.net/athlete/18941263/cross-country,18941263.jpg
65.,11,Tyler Ford,https://www.athletic.net/athlete/23596331/cross-country,18:46.44,Okemos,https://www.athletic.net/athlete/23596331/cross-country,23596331.jpg
66.,10,Jackson Martin,https://www.athletic.net/athlete/23676505/cross-country,18:52.25,Fenton,https://www.athletic.net/athlete/23676505/cross-country,23676505.jpg
67.,9,Langston Waite,https://www.athletic.net/athlete/18941300/cross-country,18:53.71,East Lansing,https://www.athletic.net/athlete/18941300/cross-country,18941300.jpg
68.,12,Justin Perantoni,https://www.athletic.net/athlete/18840185/cross-country,18:57.67,Fenton,https://www.athletic.net/athlete/18840185/cross-country,18840185.jpg
69.,12,Aaron Ostrowski,https://www.athletic.net/athlete/18820896/cross-country,18:58.65,East Lansing,https://www.athletic.net/athlete/18820896/cross-country,18820896.jpg
70.,10,Ben Panter,https://www.athletic.net/athlete/23676510/cross-country,18:59.39,Fenton,https://www.athletic.net/athlete/23676510/cross-country,23676510.jpg
71.,12,Bobby Wilson,https://www.athletic.net/athlete/15891444/cross-country,19:00.09,Okemos,https://www.athletic.net/athlete/15891444/cross-country,15891444.jpg
72.,9,CJ Shilling,https://www.athletic.net/athlete/21306841/cross-country,19:03.18,Flushing,https://www.athletic.net/athlete/21306841/cross-country,21306841.jpg
73.,12,Collin McMillian,https://www.athletic.net/athlete/18649064/cross-country,19:03.34,Holly,https://www.athletic.net/athlete/18649064/cross-country,18649064.jpg
74.,10,Grant Lapham,https://www.athletic.net/athlete/18930268/cross-country,19:04.74,Okemos,https://www.athletic.net/athlete/18930268/cross-country,18930268.jpg
75.,9,Abram Larsen,https://www.athletic.net/athlete/18991593/cross-country,19:06.39,Fenton,https://www.athletic.net/athlete/18991593/cross-country,18991593.jpg
76.,9,Toby Regulinski,https://www.athletic.net/athlete/26450548/cross-country,19:17.10,East Lansing,https://www.athletic.net/athlete/26450548/cross-country,26450548.jpg
77.,9,Zachary Panter,https://www.athletic.net/athlete/23080381/cross-country,19:28.45,Fenton,https://www.athletic.net/athlete/23080381/cross-country,23080381.jpg
78.,10,Thomas Halligan,https://www.athletic.net/athlete/21314039/cross-country,19:42.48,Holly,https://www.athletic.net/athlete/21314039/cross-country,21314039.jpg
79.,9,Ty Inglis,https://www.athletic.net/athlete/18913884/cross-country,19:48.53,DeWitt,https://www.athletic.net/athlete/18913884/cross-country,18913884.jpg
80.,12,Simon Van Wyk,https://www.athletic.net/athlete/20211005/cross-country,19:55.97,East Lansing,https://www.athletic.net/athlete/20211005/cross-country,20211005.jpg
81.,10,Jackson Defina,https://www.athletic.net/athlete/23676523/cross-country,20:00.32,Fenton,https://www.athletic.net/athlete/23676523/cross-country,23676523.jpg
82.,9,Jonah Gray,https://www.athletic.net/athlete/18941246/cross-country,20:22.98,East Lansing,https://www.athletic.net/athlete/18941246/cross-country,18941246.jpg
83.,12,Elijah Swift,https://www.athletic.net/athlete/20583966/cross-country,20:23.42,Lansing Everett,https://www.athletic.net/athlete/20583966/cross-country,20583966.jpg
84.,10,John Wilson,https://www.athletic.net/athlete/23576186/cross-country,20:28.61,Flushing,https://www.athletic.net/athlete/23576186/cross-country,23576186.jpg
85.,10,Ayven Evancho,https://www.athletic.net/athlete/18948074/cross-country,20:30.49,Flushing,https://www.athletic.net/athlete/18948074/cross-country,18948074.jpg
86.,12,Jibrael Al-Shinnawi,https://www.athletic.net/athlete/18806744/cross-country,20:32.01,Lansing Everett,https://www.athletic.net/athlete/18806744/cross-country,18806744.jpg
87.,12,Garrison Angliss,https://www.athletic.net/athlete/22267353/cross-country,20:33.28,Flushing,https://www.athletic.net/athlete/22267353/cross-country,22267353.jpg
88.,9,Luke Battaglia,https://www.athletic.net/athlete/23080308/cross-country,20:47.43,Fenton,https://www.athletic.net/athlete/23080308/cross-country,23080308.jpg
89.,10,Jeremiah Delagarza,https://www.athletic.net/athlete/23694147/cross-country,21:09.22,Lansing Everett,https://www.athletic.net/athlete/23694147/cross-country,23694147.jpg
90.,11,Abdel Youssouf,https://www.athletic.net/athlete/21181277/cross-country,21:12.40,Lansing Everett,https://www.athletic.net/athlete/21181277/cross-country,21181277.jpg
91.,12,Weston Buchanan,https://www.athletic.net/athlete/18908199/cross-country,21:51.51,Flushing,https://www.athletic.net/athlete/18908199/cross-country,18908199.jpg
92.,12,Christopher Seymour,https://www.athletic.net/athlete/22655848/cross-country,22:26.67,Lansing Everett,https://www.athletic.net/athlete/22655848/cross-country,22655848.jpg
93.,12,Aaron Esquivel,https://www.athletic.net/athlete/23624735/cross-country,22:30.30,Lansing Everett,https://www.athletic.net/athlete/23624735/cross-country,23624735.jpg
94.,12,Nolan Prevo,https://www.athletic.net/athlete/21181251/cross-country,22:45.82,Lansing Everett,https://www.athletic.net/athlete/21181251/cross-country,21181251.jpg
95.,11,Isaac Armbruster,https://www.athletic.net/athlete/23694149/cross-country,23:43.23,Lansing Everett,https://www.athletic.net/athlete/23694149/cross-country,23694149.jpg
96.,12,Emeer Bush,https://www.athletic.net/athlete/19157945/cross-country,23:52.19,Lansing Everett,https://www.athletic.net/athlete/19157945/cross-country,19157945.jpg
