SEC Jamboree #1 Mens 5000 Meters Varsity
Tue Sep 10 2024
https://www.athletic.net/CrossCountry/meet/238311/results/952326
"<p>Ann Arbor Skyline's varsity boys team placed 11th overall with 102 points. Leading the team was <span class=""athlete"">Nicholas Yuan</span>, who finished 20th with a time of <time>17:29.80</time>, followed by <span class=""athlete"">Bruno Cifaldi</span> in 25th (<time>17:41.70</time>), and <span class=""athlete"">Enshu Kuan</span> in 32nd (<time>17:52.60</time>). <span class=""athlete"">Jack Robichaud</span> (40th, <time>18:12.20</time>) and <span class=""athlete"">Zeke Lafferty</span> (51st, <time>18:29.10</time>) rounded out the scoring for Skyline, while <span class=""athlete"">Matthew Casavant</span> achieved a personal record (PR) with a time of <time>18:01.60</time>.</p>"
Place,Team,Score
1,Ypsilanti Lincoln,31
2,Saline,31
3,Pinckney,46
4,Adrian,70
5,Chelsea,84
6,Dexter,90
7,Ann Arbor Pioneer,97
8,Tecumseh,105
9,Ann Arbor Huron,115
10,Temperance Bedford,129
11,Ypsilanti Community,129
12,Ann Arbor Skyline,141
13,Monroe,259

Place,Grade,Name,Athlete Link,Time,Team,Team Link,Profile Pic
1.,11,Beckett Crooks,https://www.athletic.net/athlete/21198004/cross-country,16:12.98,Ann Arbor Pioneer,https://www.athletic.net/athlete/21198004/cross-country,21198004.jpg
2.,11,Moises Salazar,https://www.athletic.net/athlete/21155740/cross-country,16:16.30,Adrian,https://www.athletic.net/athlete/21155740/cross-country,21155740.jpg
3.,10,Cole McCraw,https://www.athletic.net/athlete/16009869/cross-country,16:26.40,Pinckney,https://www.athletic.net/athlete/16009869/cross-country,16009869.jpg
4.,11,Brennan LaRusso,https://www.athletic.net/athlete/21137579/cross-country,16:30.20,Saline,https://www.athletic.net/athlete/21137579/cross-country,21137579.jpg
5.,12,Julian Linebaugh,https://www.athletic.net/athlete/17349252/cross-country,16:38.60,Dexter,https://www.athletic.net/athlete/17349252/cross-country,17349252.jpg
6.,12,Saman Meshinchi,https://www.athletic.net/athlete/19858836/cross-country,16:40.70,Saline,https://www.athletic.net/athlete/19858836/cross-country,19858836.jpg
7.,12,Caleb Snyder,https://www.athletic.net/athlete/15988508/cross-country,16:42.90,Dexter,https://www.athletic.net/athlete/15988508/cross-country,15988508.jpg
8.,10,Jacob Szalay,https://www.athletic.net/athlete/23578358/cross-country,16:54.90,Saline,https://www.athletic.net/athlete/23578358/cross-country,23578358.jpg
9.,12,Zachary Newman,https://www.athletic.net/athlete/10627779/cross-country,16:56.20,Pinckney,https://www.athletic.net/athlete/10627779/cross-country,10627779.jpg
10.,12,Walker Brose,https://www.athletic.net/athlete/18801346/cross-country,16:58.00,Ann Arbor Huron,https://www.athletic.net/athlete/18801346/cross-country,18801346.jpg
11.,10,Cameron Varner,https://www.athletic.net/athlete/23573193/cross-country,17:03.10,Temperance Bedford,https://www.athletic.net/athlete/23573193/cross-country,23573193.jpg
12.,12,Collin Eckermann,https://www.athletic.net/athlete/10630350/cross-country,17:04.40,Saline,https://www.athletic.net/athlete/10630350/cross-country,10630350.jpg
13.,10,Carlos Basulto,https://www.athletic.net/athlete/23578349/cross-country,17:05.10,Saline,https://www.athletic.net/athlete/23578349/cross-country,23578349.jpg
14.,9,Wesley Rogan,https://www.athletic.net/athlete/26359896/cross-country,17:07.20,Saline,https://www.athletic.net/athlete/26359896/cross-country,26359896.jpg
15.,12,Jonah Kraft,https://www.athletic.net/athlete/18801352/cross-country,17:10.40,Ann Arbor Huron,https://www.athletic.net/athlete/18801352/cross-country,18801352.jpg
16.,11,Quinn Davis,https://www.athletic.net/athlete/24269491/cross-country,17:11.50,Ann Arbor Pioneer,https://www.athletic.net/athlete/24269491/cross-country,24269491.jpg
17.,10,John (Jack) Klein,https://www.athletic.net/athlete/18922009/cross-country,17:22.80,Saline,https://www.athletic.net/athlete/18922009/cross-country,18922009.jpg
18.,12,Myles Bray,https://www.athletic.net/athlete/15878155/cross-country,17:25.20,Monroe,https://www.athletic.net/athlete/15878155/cross-country,15878155.jpg
19.,11,Parker Bomia-Laberdee,https://www.athletic.net/athlete/21112866/cross-country,17:25.90,Monroe,https://www.athletic.net/athlete/21112866/cross-country,21112866.jpg
20.,10,Nicholas Yuan,https://www.athletic.net/athlete/21615273/cross-country,17:29.80,Ann Arbor Skyline,https://www.athletic.net/athlete/21615273/cross-country,21615273.jpg
21.,11,Theo Sacks-Thomas,https://www.athletic.net/athlete/21198061/cross-country,17:29.90,Ann Arbor Pioneer,https://www.athletic.net/athlete/21198061/cross-country,21198061.jpg
22.,10,Walker Ledbetter,https://www.athletic.net/athlete/23807086/cross-country,17:32.50,Ann Arbor Pioneer,https://www.athletic.net/athlete/23807086/cross-country,23807086.jpg
23.,12,Nicholas (Nick) Balla,https://www.athletic.net/athlete/15739526/cross-country,17:33.10,Temperance Bedford,https://www.athletic.net/athlete/15739526/cross-country,15739526.jpg
24.,11,Henry Fredenberg,https://www.athletic.net/athlete/26368202/cross-country,17:35.50,Chelsea,https://www.athletic.net/athlete/26368202/cross-country,26368202.jpg
25.,11,Bruno Cifaldi,https://www.athletic.net/athlete/21147176/cross-country,17:41.70,Ann Arbor Skyline,https://www.athletic.net/athlete/21147176/cross-country,21147176.jpg
26.,12,Kyle Osborne,https://www.athletic.net/athlete/18188799/cross-country,17:42.50,Pinckney,https://www.athletic.net/athlete/18188799/cross-country,18188799.jpg
27.,12,Jordan Bunce,https://www.athletic.net/athlete/14023076/cross-country,17:42.60,Temperance Bedford,https://www.athletic.net/athlete/14023076/cross-country,14023076.jpg
28.,11,Jamal (Max) Samaha,https://www.athletic.net/athlete/21156323/cross-country,17:44.90,Ann Arbor Huron,https://www.athletic.net/athlete/21156323/cross-country,21156323.jpg
29.,10,Coen Hill,https://www.athletic.net/athlete/21133037/cross-country,17:46.20,Dexter,https://www.athletic.net/athlete/21133037/cross-country,21133037.jpg
30.,12,Landon Whitehead,https://www.athletic.net/athlete/24347705/cross-country,17:49.20,Dexter,https://www.athletic.net/athlete/24347705/cross-country,24347705.jpg
31.,10,Jacob Cole,https://www.athletic.net/athlete/23578350/cross-country,17:51.40,Saline,https://www.athletic.net/athlete/23578350/cross-country,23578350.jpg
32.,10,Enshu Kuan,https://www.athletic.net/athlete/23687884/cross-country,17:52.60,Ann Arbor Skyline,https://www.athletic.net/athlete/23687884/cross-country,23687884.jpg
33.,10,Carter Fenner,https://www.athletic.net/athlete/23595355/cross-country,17:53.30,Adrian,https://www.athletic.net/athlete/23595355/cross-country,23595355.jpg
34.,9,Harrison Stamper,https://www.athletic.net/athlete/17303974/cross-country,18:01.10,Tecumseh,https://www.athletic.net/athlete/17303974/cross-country,17303974.jpg
35.,9,James Gage,https://www.athletic.net/athlete/26359894/cross-country,18:01.30,Saline,https://www.athletic.net/athlete/26359894/cross-country,26359894.jpg
36.,12,Matthew Casavant,https://www.athletic.net/athlete/17349222/cross-country,18:01.60,Dexter,https://www.athletic.net/athlete/17349222/cross-country,17349222.jpg
37.,9,Nicholas Reiser,https://www.athletic.net/athlete/21411304/cross-country,18:02.90,Dexter,https://www.athletic.net/athlete/21411304/cross-country,21411304.jpg
38.,11,Francisco (Xisco) Dura,https://www.athletic.net/athlete/21156314/cross-country,18:06.00,Ann Arbor Huron,https://www.athletic.net/athlete/21156314/cross-country,21156314.jpg
39.,10,Landin Fisher,https://www.athletic.net/athlete/23595359/cross-country,18:11.50,Adrian,https://www.athletic.net/athlete/23595359/cross-country,23595359.jpg
40.,12,Jack Robichaud,https://www.athletic.net/athlete/18820279/cross-country,18:12.20,Ann Arbor Skyline,https://www.athletic.net/athlete/18820279/cross-country,18820279.jpg
41.,11,Nate Sandula,https://www.athletic.net/athlete/8768114/cross-country,18:12.90,Pinckney,https://www.athletic.net/athlete/8768114/cross-country,8768114.jpg
42.,9,Eli Morris,https://www.athletic.net/athlete/17303973/cross-country,18:17.00,Tecumseh,https://www.athletic.net/athlete/17303973/cross-country,17303973.jpg
43.,11,Joshua Riggs,https://www.athletic.net/athlete/17302481/cross-country,18:18.40,Monroe,https://www.athletic.net/athlete/17302481/cross-country,17302481.jpg
44.,10,Owen Thorburn,https://www.athletic.net/athlete/19375730/cross-country,18:18.50,Chelsea,https://www.athletic.net/athlete/19375730/cross-country,19375730.jpg
45.,12,Gabe Maciag,https://www.athletic.net/athlete/18188774/cross-country,18:19.30,Pinckney,https://www.athletic.net/athlete/18188774/cross-country,18188774.jpg
46.,12,Aidan Ortiz,https://www.athletic.net/athlete/14023078/cross-country,18:24.60,Temperance Bedford,https://www.athletic.net/athlete/14023078/cross-country,14023078.jpg
47.,11,Jacob Alt,https://www.athletic.net/athlete/19101301/cross-country,18:24.80,Ypsilanti Community,https://www.athletic.net/athlete/19101301/cross-country,19101301.jpg
48.,9,Easton Coscarelli,https://www.athletic.net/athlete/26351469/cross-country,18:25.40,Adrian,https://www.athletic.net/athlete/26351469/cross-country,26351469.jpg
49.,10,Logan Thomas,https://www.athletic.net/athlete/17324672/cross-country,18:27.60,Temperance Bedford,https://www.athletic.net/athlete/17324672/cross-country,17324672.jpg
50.,11,Thomas (TJ) Conley,https://www.athletic.net/athlete/21156307/cross-country,18:27.80,Ann Arbor Huron,https://www.athletic.net/athlete/21156307/cross-country,21156307.jpg
51.,11,Zeke Lafferty,https://www.athletic.net/athlete/21142917/cross-country,18:29.10,Ann Arbor Skyline,https://www.athletic.net/athlete/21142917/cross-country,21142917.jpg
52.,11,Gustaf Finn,https://www.athletic.net/athlete/21147171/cross-country,18:29.20,Ann Arbor Skyline,https://www.athletic.net/athlete/21147171/cross-country,21147171.jpg
53.,12,Reggie Geftos,https://www.athletic.net/athlete/19001212/cross-country,18:30.90,Monroe,https://www.athletic.net/athlete/19001212/cross-country,19001212.jpg
54.,9,Oskar MacArthur,https://www.athletic.net/athlete/23349698/cross-country,18:36.70,Ann Arbor Skyline,https://www.athletic.net/athlete/23349698/cross-country,23349698.jpg
55.,10,Noah Neuman,https://www.athletic.net/athlete/18983101/cross-country,18:38.40,Pinckney,https://www.athletic.net/athlete/18983101/cross-country,18983101.jpg
56.,11,Linus Helzerman,https://www.athletic.net/athlete/17307387/cross-country,18:45.40,Chelsea,https://www.athletic.net/athlete/17307387/cross-country,17307387.jpg
57.,10,Leroy Li,https://www.athletic.net/athlete/23616329/cross-country,18:48.40,Ann Arbor Pioneer,https://www.athletic.net/athlete/23616329/cross-country,23616329.jpg
58.,10,Nick Martens,https://www.athletic.net/athlete/19005045/cross-country,18:48.80,Dexter,https://www.athletic.net/athlete/19005045/cross-country,19005045.jpg
59.,9,Martin Gehrke,https://www.athletic.net/athlete/19203161/cross-country,18:49.70,Ann Arbor Skyline,https://www.athletic.net/athlete/19203161/cross-country,19203161.jpg
60.,12,Tyler Condon,https://www.athletic.net/athlete/18807270/cross-country,18:55.90,Adrian,https://www.athletic.net/athlete/18807270/cross-country,18807270.jpg
61.,11,Bryson White,https://www.athletic.net/athlete/17392904/cross-country,18:56.60,Jackson,https://www.athletic.net/athlete/17392904/cross-country,17392904.jpg
62.,10,Jack Fulop,https://www.athletic.net/athlete/17324656/cross-country,18:57.00,Temperance Bedford,https://www.athletic.net/athlete/17324656/cross-country,17324656.jpg
63.,10,Eddy Hedrick,https://www.athletic.net/athlete/23595358/cross-country,18:58.10,Adrian,https://www.athletic.net/athlete/23595358/cross-country,23595358.jpg
64.,9,Gavin Rohr,https://www.athletic.net/athlete/26245340/cross-country,18:58.10,Monroe,https://www.athletic.net/athlete/26245340/cross-country,26245340.jpg
65.,12,Scott Smith,https://www.athletic.net/athlete/15988506/cross-country,18:58.70,Dexter,https://www.athletic.net/athlete/15988506/cross-country,15988506.jpg
66.,10,Cooper Ankeney,https://www.athletic.net/athlete/23349607/cross-country,19:06.50,Ann Arbor Pioneer,https://www.athletic.net/athlete/23349607/cross-country,23349607.jpg
67.,11,Mason Maley,https://www.athletic.net/athlete/21012169/cross-country,19:07.60,Chelsea,https://www.athletic.net/athlete/21012169/cross-country,21012169.jpg
68.,10,Dylan Hodges,https://www.athletic.net/athlete/18953778/cross-country,19:09.30,Chelsea,https://www.athletic.net/athlete/18953778/cross-country,18953778.jpg
69.,10,Dane Losee,https://www.athletic.net/athlete/23516368/cross-country,19:09.70,Pinckney,https://www.athletic.net/athlete/23516368/cross-country,23516368.jpg
70.,12,Soren Stone-Palmquist,https://www.athletic.net/athlete/21748885/cross-country,19:10.40,Ann Arbor Huron,https://www.athletic.net/athlete/21748885/cross-country,21748885.jpg
71.,11,Andrew Hagerty,https://www.athletic.net/athlete/14039806/cross-country,19:10.70,Pinckney,https://www.athletic.net/athlete/14039806/cross-country,14039806.jpg
72.,11,Nolan Brescol,https://www.athletic.net/athlete/15739515/cross-country,19:13.40,Temperance Bedford,https://www.athletic.net/athlete/15739515/cross-country,15739515.jpg
73.,10,Caleb Maciag,https://www.athletic.net/athlete/16020921/cross-country,19:13.60,Pinckney,https://www.athletic.net/athlete/16020921/cross-country,16020921.jpg
74.,12,Brant Maley,https://www.athletic.net/athlete/21036738/cross-country,19:15.50,Chelsea,https://www.athletic.net/athlete/21036738/cross-country,21036738.jpg
75.,10,Charles Cools,https://www.athletic.net/athlete/23574241/cross-country,19:17.20,Ann Arbor Huron,https://www.athletic.net/athlete/23574241/cross-country,23574241.jpg
76.,12,Max Marten,https://www.athletic.net/athlete/10628210/cross-country,19:18.50,Tecumseh,https://www.athletic.net/athlete/10628210/cross-country,10628210.jpg
77.,11,Miles Dell,https://www.athletic.net/athlete/17307385/cross-country,19:21.80,Chelsea,https://www.athletic.net/athlete/17307385/cross-country,17307385.jpg
78.,11,Wyatt Larson,https://www.athletic.net/athlete/10627783/cross-country,19:26.20,Pinckney,https://www.athletic.net/athlete/10627783/cross-country,10627783.jpg
79.,9,Lucas Zeckner,https://www.athletic.net/athlete/26351471/cross-country,19:32.40,Adrian,https://www.athletic.net/athlete/26351471/cross-country,26351471.jpg
80.,10,Maddi Duke,https://www.athletic.net/athlete/17324655/cross-country,19:38.40,Temperance Bedford,https://www.athletic.net/athlete/17324655/cross-country,17324655.jpg
81.,11,Hayden Barker,https://www.athletic.net/athlete/22116419/cross-country,19:39.00,Monroe,https://www.athletic.net/athlete/22116419/cross-country,22116419.jpg
82.,12,Eli Hinkleman,https://www.athletic.net/athlete/15739528/cross-country,19:44.00,Temperance Bedford,https://www.athletic.net/athlete/15739528/cross-country,15739528.jpg
83.,10,Leo Alafita,https://www.athletic.net/athlete/18888885/cross-country,19:44.30,Chelsea,https://www.athletic.net/athlete/18888885/cross-country,18888885.jpg
84.,12,Eric Cameron,https://www.athletic.net/athlete/17978960/cross-country,19:48.30,Chelsea,https://www.athletic.net/athlete/17978960/cross-country,17978960.jpg
85.,11,Fletcher Campbell,https://www.athletic.net/athlete/21198002/cross-country,19:49.90,Ann Arbor Pioneer,https://www.athletic.net/athlete/21198002/cross-country,21198002.jpg
86.,9,Grayson Crooks,https://www.athletic.net/athlete/26424516/cross-country,19:51.90,Ann Arbor Pioneer,https://www.athletic.net/athlete/26424516/cross-country,26424516.jpg
87.,12,Ashe Baskey,https://www.athletic.net/athlete/18801343/cross-country,20:02.90,Ann Arbor Huron,https://www.athletic.net/athlete/18801343/cross-country,18801343.jpg
88.,10,Sam Clifton,https://www.athletic.net/athlete/18953724/cross-country,20:04.90,Chelsea,https://www.athletic.net/athlete/18953724/cross-country,18953724.jpg
89.,12,Malaki Muhammud,https://www.athletic.net/athlete/19143888/cross-country,20:17.60,Ypsilanti Community,https://www.athletic.net/athlete/19143888/cross-country,19143888.jpg
90.,10,Jayden Nailor,https://www.athletic.net/athlete/25555177/cross-country,20:19.60,Ypsilanti Community,https://www.athletic.net/athlete/25555177/cross-country,25555177.jpg
91.,9,Carson Scholz,https://www.athletic.net/athlete/17303967/cross-country,20:19.60,Tecumseh,https://www.athletic.net/athlete/17303967/cross-country,17303967.jpg
92.,9,Deon Dunbar,https://www.athletic.net/athlete/26476292/cross-country,20:22.40,Adrian,https://www.athletic.net/athlete/26476292/cross-country,26476292.jpg
93.,9,Aarav Kalantry,https://www.athletic.net/athlete/23357937/cross-country,20:24.50,Ann Arbor Huron,https://www.athletic.net/athlete/23357937/cross-country,23357937.jpg
94.,12,Elliot Oostendorp,https://www.athletic.net/athlete/25204442/cross-country,20:27.00,Ann Arbor Huron,https://www.athletic.net/athlete/25204442/cross-country,25204442.jpg
95.,11,Maximus Walker,https://www.athletic.net/athlete/17303980/cross-country,20:32.50,Tecumseh,https://www.athletic.net/athlete/17303980/cross-country,17303980.jpg
96.,10,Jaxsen Rice,https://www.athletic.net/athlete/25388386/cross-country,20:35.90,Ypsilanti Lincoln,https://www.athletic.net/athlete/25388386/cross-country,25388386.jpg
97.,9,Tyler Moore,https://www.athletic.net/athlete/22892465/cross-country,20:41.60,Tecumseh,https://www.athletic.net/athlete/22892465/cross-country,22892465.jpg
98.,10,Max Carne,https://www.athletic.net/athlete/23616319/cross-country,20:41.80,Ann Arbor Pioneer,https://www.athletic.net/athlete/23616319/cross-country,23616319.jpg
99.,11,Andrew Nelson,https://www.athletic.net/athlete/22287106/cross-country,21:03.80,Temperance Bedford,https://www.athletic.net/athlete/22287106/cross-country,22287106.jpg
100.,9,Patrick Alt,https://www.athletic.net/athlete/19101300/cross-country,21:41.90,Ypsilanti Community,https://www.athletic.net/athlete/19101300/cross-country,19101300.jpg
101.,12,Tyler Sweat,https://www.athletic.net/athlete/21112865/cross-country,21:46.60,Monroe,https://www.athletic.net/athlete/21112865/cross-country,21112865.jpg
102.,9,Ryan Lehto,https://www.athletic.net/athlete/23812288/cross-country,21:50.90,Ypsilanti Lincoln,https://www.athletic.net/athlete/23812288/cross-country,23812288.jpg
103.,9,Victor LeBrun,https://www.athletic.net/athlete/25395457/cross-country,21:54.30,Monroe,https://www.athletic.net/athlete/25395457/cross-country,25395457.jpg
104.,11,Matthew Rice,https://www.athletic.net/athlete/15865970/cross-country,21:54.80,Ypsilanti Lincoln,https://www.athletic.net/athlete/15865970/cross-country,15865970.jpg
105.,11,Ricardo Thomas,https://www.athletic.net/athlete/22098813/cross-country,22:02.70,Ypsilanti Community,https://www.athletic.net/athlete/22098813/cross-country,22098813.jpg
106.,9,Gavin White,https://www.athletic.net/athlete/19049958/cross-country,22:42.80,Jackson,https://www.athletic.net/athlete/19049958/cross-country,19049958.jpg
107.,10,Carter Brindamour,https://www.athletic.net/athlete/15882134/cross-country,22:43.10,Tecumseh,https://www.athletic.net/athlete/15882134/cross-country,15882134.jpg
108.,11,Sammuel Warren,https://www.athletic.net/athlete/22216591/cross-country,22:50.00,Tecumseh,https://www.athletic.net/athlete/22216591/cross-country,22216591.jpg
109.,11,Miles Omeaux,https://www.athletic.net/athlete/18811477/cross-country,22:54.60,Tecumseh,https://www.athletic.net/athlete/18811477/cross-country,18811477.jpg
110.,9,Ryan Marsee,https://www.athletic.net/athlete/26279722/cross-country,22:55.80,Ypsilanti Community,https://www.athletic.net/athlete/26279722/cross-country,26279722.jpg
111.,9,C. J. Ronk,https://www.athletic.net/athlete/23867671/cross-country,22:57.20,Ypsilanti Community,https://www.athletic.net/athlete/23867671/cross-country,23867671.jpg
112.,9,Carter Sharpe,https://www.athletic.net/athlete/21347588/cross-country,23:12.70,Monroe,https://www.athletic.net/athlete/21347588/cross-country,21347588.jpg
113.,9,Isaac Kraftson,https://www.athletic.net/athlete/26279719/cross-country,23:31.30,Ypsilanti Community,https://www.athletic.net/athlete/26279719/cross-country,26279719.jpg
114.,9,Ben Kline,https://www.athletic.net/athlete/26279718/cross-country,23:32.40,Ypsilanti Community,https://www.athletic.net/athlete/26279718/cross-country,26279718.jpg
115.,9,Dan Bui,https://www.athletic.net/athlete/25272354/cross-country,23:46.10,Ypsilanti Lincoln,https://www.athletic.net/athlete/25272354/cross-country,25272354.jpg
116.,11,Jonathan Weber,https://www.athletic.net/athlete/22116441/cross-country,23:59.20,Monroe,https://www.athletic.net/athlete/22116441/cross-country,22116441.jpg
117.,11,Dawson Dixon,https://www.athletic.net/athlete/15852414/cross-country,24:43.10,Jackson,https://www.athletic.net/athlete/15852414/cross-country,15852414.jpg
118.,9,Joseph Johnson,https://www.athletic.net/athlete/20214019/cross-country,24:53.30,Ypsilanti Lincoln,https://www.athletic.net/athlete/20214019/cross-country,20214019.jpg
119.,9,Owen Crawford,https://www.athletic.net/athlete/21392884/cross-country,25:57.00,Ypsilanti Lincoln,https://www.athletic.net/athlete/21392884/cross-country,21392884.jpg
