SEC Jamboree #1 Womens 5000 Meters Varsity
Tue Sep 10 2024
https://www.athletic.net/CrossCountry/meet/238311/results/952328
"<p>Ann Arbor Skyline’s varsity girls placed 6th overall, led by a standout performance from <span class=""athlete"">Lucia Llanes</span>, who set a personal record (PR) of <time>19:05.20</time> and finished 8th overall. Following her was <span class=""athlete"">Irie Scrase</span>, finishing in <time>20:25.80</time>. Other key contributors included <span class=""athlete"">Mara Mocanu</span> (<time>22:31.20</time>), <span class=""athlete"">Alison Kauffman</span> (<time>23:32.40</time>), and <span class=""athlete"">Elin Tenbrink</span> (<time>24:09.40</time>). The team's efforts secured them a competitive score against strong opponents.</p>"
Place,Team,Score
1,Ypsilanti Lincoln,23
2,Adrian,33
3,Saline,36
4,Ann Arbor Pioneer,60
5,Pinckney,68
6,Chelsea,74
7,Tecumseh,104
8,Ann Arbor Huron,107
9,Dexter,116
10,Ann Arbor Skyline,143
11,Ypsilanti Community,161
12,Temperance Bedford,189

Place,Grade,Name,Athlete Link,Time,Team,Team Link,Profile Pic
1.,9,Natasza Dudek,https://www.athletic.net/athlete/26476823/cross-country,18:27.30,Ann Arbor Pioneer,https://www.athletic.net/athlete/26476823/cross-country,26476823.jpg
2.,9,McKinley Jones,https://www.athletic.net/athlete/26372415/cross-country,18:39.40,Saline,https://www.athletic.net/athlete/26372415/cross-country,26372415.jpg
3.,11,Hana Boggess,https://www.athletic.net/athlete/21133194/cross-country,18:50.60,Ann Arbor Pioneer,https://www.athletic.net/athlete/21133194/cross-country,21133194.jpg
4.,12,Sophy Skeels,https://www.athletic.net/athlete/18807279/cross-country,18:52.30,Adrian,https://www.athletic.net/athlete/18807279/cross-country,18807279.jpg
5.,9,Savannah Staton,https://www.athletic.net/athlete/26372417/cross-country,18:54.80,Saline,https://www.athletic.net/athlete/26372417/cross-country,26372417.jpg
6.,9,Sienna Klemmer,https://www.athletic.net/athlete/26345924/cross-country,18:59.60,Ann Arbor Pioneer,https://www.athletic.net/athlete/26345924/cross-country,26345924.jpg
7.,10,Ayda Skeels,https://www.athletic.net/athlete/23595367/cross-country,19:04.50,Adrian,https://www.athletic.net/athlete/23595367/cross-country,23595367.jpg
8.,9,Lucia Llanes,https://www.athletic.net/athlete/26328690/cross-country,19:05.20,Ann Arbor Skyline,https://www.athletic.net/athlete/26328690/cross-country,26328690.jpg
9.,10,Jaelyn Ray,https://www.athletic.net/athlete/16012725/cross-country,19:08.10,Pinckney,https://www.athletic.net/athlete/16012725/cross-country,16012725.jpg
10.,12,Lucinda Paliani,https://www.athletic.net/athlete/18890673/cross-country,19:42.20,Ann Arbor Huron,https://www.athletic.net/athlete/18890673/cross-country,18890673.jpg
11.,12,Corynn Gady,https://www.athletic.net/athlete/18817743/cross-country,20:00.70,Saline,https://www.athletic.net/athlete/18817743/cross-country,18817743.jpg
12.,11,Lillian (Lilli) Schlack,https://www.athletic.net/athlete/22262889/cross-country,20:03.10,Saline,https://www.athletic.net/athlete/22262889/cross-country,22262889.jpg
13.,9,Madison Petty,https://www.athletic.net/athlete/26351474/cross-country,20:05.20,Adrian,https://www.athletic.net/athlete/26351474/cross-country,26351474.jpg
14.,10,Katarina Munson,https://www.athletic.net/athlete/23594665/cross-country,20:23.90,Saline,https://www.athletic.net/athlete/23594665/cross-country,23594665.jpg
15.,10,Irie Scrase,https://www.athletic.net/athlete/23564884/cross-country,20:25.80,Ann Arbor Skyline,https://www.athletic.net/athlete/23564884/cross-country,23564884.jpg
16.,10,Nina Moore,https://www.athletic.net/athlete/23349589/cross-country,20:26.70,Ann Arbor Pioneer,https://www.athletic.net/athlete/23349589/cross-country,23349589.jpg
17.,12,Natalia DeMea,https://www.athletic.net/athlete/16413239/cross-country,20:29.30,Chelsea,https://www.athletic.net/athlete/16413239/cross-country,16413239.jpg
18.,12,Grace Roth,https://www.athletic.net/athlete/18817756/cross-country,20:32.10,Saline,https://www.athletic.net/athlete/18817756/cross-country,18817756.jpg
19.,12,Alena Blumberg,https://www.athletic.net/athlete/18768902/cross-country,20:37.10,Dexter,https://www.athletic.net/athlete/18768902/cross-country,18768902.jpg
20.,9,Karina Mihai-Grammes,https://www.athletic.net/athlete/22952593/cross-country,20:37.20,Adrian,https://www.athletic.net/athlete/22952593/cross-country,22952593.jpg
21.,11,Bridget Kerber,https://www.athletic.net/athlete/21200281/cross-country,20:55.50,Ann Arbor Pioneer,https://www.athletic.net/athlete/21200281/cross-country,21200281.jpg
22.,12,Madalynn Karsies,https://www.athletic.net/athlete/15887764/cross-country,21:02.60,Pinckney,https://www.athletic.net/athlete/15887764/cross-country,15887764.jpg
23.,12,Clara Peikert,https://www.athletic.net/athlete/18772992/cross-country,21:05.50,Ann Arbor Pioneer,https://www.athletic.net/athlete/18772992/cross-country,18772992.jpg
24.,10,Iva Ravindra,https://www.athletic.net/athlete/17363109/cross-country,21:07.80,Temperance Bedford,https://www.athletic.net/athlete/17363109/cross-country,17363109.jpg
25.,9,Adelynn Turck,https://www.athletic.net/athlete/26372409/cross-country,21:07.90,Saline,https://www.athletic.net/athlete/26372409/cross-country,26372409.jpg
26.,12,Mackenzie Sellenraad,https://www.athletic.net/athlete/18817758/cross-country,21:08.00,Saline,https://www.athletic.net/athlete/18817758/cross-country,18817758.jpg
27.,9,Layla Blumberg,https://www.athletic.net/athlete/21411150/cross-country,21:09.50,Dexter,https://www.athletic.net/athlete/21411150/cross-country,21411150.jpg
28.,12,Lucy Pike,https://www.athletic.net/athlete/18772993/cross-country,21:15.90,Ann Arbor Pioneer,https://www.athletic.net/athlete/18772993/cross-country,18772993.jpg
29.,11,Samantha Bieber,https://www.athletic.net/athlete/18995069/cross-country,21:27.30,Chelsea,https://www.athletic.net/athlete/18995069/cross-country,18995069.jpg
30.,9,Mira Shelgikar,https://www.athletic.net/athlete/23349762/cross-country,21:37.00,Ann Arbor Huron,https://www.athletic.net/athlete/23349762/cross-country,23349762.jpg
31.,10,Kodie Snyder,https://www.athletic.net/athlete/19005091/cross-country,21:49.50,Dexter,https://www.athletic.net/athlete/19005091/cross-country,19005091.jpg
32.,11,Grace Brown,https://www.athletic.net/athlete/15852384/cross-country,21:49.50,Jackson,https://www.athletic.net/athlete/15852384/cross-country,15852384.jpg
33.,10,Sophie Roth,https://www.athletic.net/athlete/23594660/cross-country,21:53.70,Saline,https://www.athletic.net/athlete/23594660/cross-country,23594660.jpg
34.,9,Zoe Bossmann,https://www.athletic.net/athlete/23349734/cross-country,22:11.90,Ann Arbor Huron,https://www.athletic.net/athlete/23349734/cross-country,23349734.jpg
35.,12,Julieta Turon,https://www.athletic.net/athlete/21245794/cross-country,22:15.00,Ann Arbor Huron,https://www.athletic.net/athlete/21245794/cross-country,21245794.jpg
36.,12,Hannah Sisson,https://www.athletic.net/athlete/15990720/cross-country,22:16.20,Dexter,https://www.athletic.net/athlete/15990720/cross-country,15990720.jpg
37.,12,Abby Roth,https://www.athletic.net/athlete/18817755/cross-country,22:21.30,Saline,https://www.athletic.net/athlete/18817755/cross-country,18817755.jpg
38.,9,Eastynn Charder,https://www.athletic.net/athlete/19087296/cross-country,22:22.10,Pinckney,https://www.athletic.net/athlete/19087296/cross-country,19087296.jpg
39.,10,Mia Lopez,https://www.athletic.net/athlete/23553116/cross-country,22:30.20,Ann Arbor Pioneer,https://www.athletic.net/athlete/23553116/cross-country,23553116.jpg
40.,10,Mara Mocanu,https://www.athletic.net/athlete/23687883/cross-country,22:31.20,Ann Arbor Skyline,https://www.athletic.net/athlete/23687883/cross-country,23687883.jpg
41.,9,Klair Baker,https://www.athletic.net/athlete/26351472/cross-country,22:33.60,Adrian,https://www.athletic.net/athlete/26351472/cross-country,26351472.jpg
42.,12,Lauren Thompson,https://www.athletic.net/athlete/15753398/cross-country,22:34.00,Chelsea,https://www.athletic.net/athlete/15753398/cross-country,15753398.jpg
43.,9,Nicole Fulcher,https://www.athletic.net/athlete/26345943/cross-country,22:36.30,Ann Arbor Pioneer,https://www.athletic.net/athlete/26345943/cross-country,26345943.jpg
44.,11,Amelia Cribbins,https://www.athletic.net/athlete/21056335/cross-country,22:42.30,Dexter,https://www.athletic.net/athlete/21056335/cross-country,21056335.jpg
45.,11,Claire Cousineau,https://www.athletic.net/athlete/14096866/cross-country,22:42.80,Tecumseh,https://www.athletic.net/athlete/14096866/cross-country,14096866.jpg
46.,9,Angelina Jovicic,https://www.athletic.net/athlete/26351476/cross-country,22:42.90,Adrian,https://www.athletic.net/athlete/26351476/cross-country,26351476.jpg
47.,10,Maya Whelan,https://www.athletic.net/athlete/12297553/cross-country,22:45.60,Tecumseh,https://www.athletic.net/athlete/12297553/cross-country,12297553.jpg
48.,10,Jillian Lower,https://www.athletic.net/athlete/23531864/cross-country,22:46.80,Dexter,https://www.athletic.net/athlete/23531864/cross-country,23531864.jpg
49.,9,Sadie Bohnsack,https://www.athletic.net/athlete/26348865/cross-country,22:48.40,Ann Arbor Huron,https://www.athletic.net/athlete/26348865/cross-country,26348865.jpg
50.,10,Sophia Johnson,https://www.athletic.net/athlete/17363129/cross-country,22:48.40,Temperance Bedford,https://www.athletic.net/athlete/17363129/cross-country,17363129.jpg
51.,11,Avery Hoeft,https://www.athletic.net/athlete/17349241/cross-country,22:54.20,Dexter,https://www.athletic.net/athlete/17349241/cross-country,17349241.jpg
52.,11,Anna Coury,https://www.athletic.net/athlete/21171497/cross-country,23:18.80,Monroe,https://www.athletic.net/athlete/21171497/cross-country,21171497.jpg
53.,11,Corinna Aulph,https://www.athletic.net/athlete/17302484/cross-country,23:30.30,Monroe,https://www.athletic.net/athlete/17302484/cross-country,17302484.jpg
54.,12,Jessica Warren,https://www.athletic.net/athlete/12297555/cross-country,23:30.90,Tecumseh,https://www.athletic.net/athlete/12297555/cross-country,12297555.jpg
55.,10,London Landini,https://www.athletic.net/athlete/21263713/cross-country,23:31.00,Tecumseh,https://www.athletic.net/athlete/21263713/cross-country,21263713.jpg
56.,10,Alison Kauffman,https://www.athletic.net/athlete/23564882/cross-country,23:32.40,Ann Arbor Skyline,https://www.athletic.net/athlete/23564882/cross-country,23564882.jpg
57.,9,Virginia Barrett,https://www.athletic.net/athlete/18811468/cross-country,23:33.10,Tecumseh,https://www.athletic.net/athlete/18811468/cross-country,18811468.jpg
58.,12,Olivia Shaieb,https://www.athletic.net/athlete/15990716/cross-country,23:35.40,Dexter,https://www.athletic.net/athlete/15990716/cross-country,15990716.jpg
59.,10,Harper Pinto,https://www.athletic.net/athlete/23662282/cross-country,23:36.70,Ann Arbor Huron,https://www.athletic.net/athlete/23662282/cross-country,23662282.jpg
60.,10,Camryn Nowak,https://www.athletic.net/athlete/14249316/cross-country,23:51.40,Tecumseh,https://www.athletic.net/athlete/14249316/cross-country,14249316.jpg
61.,11,Aubrey Miscikowski,https://www.athletic.net/athlete/21228172/cross-country,23:57.30,Temperance Bedford,https://www.athletic.net/athlete/21228172/cross-country,21228172.jpg
62.,12,Alexandra Butler,https://www.athletic.net/athlete/19786341/cross-country,23:58.20,Monroe,https://www.athletic.net/athlete/19786341/cross-country,19786341.jpg
63.,12,Delaney Mays,https://www.athletic.net/athlete/19838347/cross-country,24:01.40,Pinckney,https://www.athletic.net/athlete/19838347/cross-country,19838347.jpg
64.,12,Josie Jackson,https://www.athletic.net/athlete/17307573/cross-country,24:04.20,Chelsea,https://www.athletic.net/athlete/17307573/cross-country,17307573.jpg
65.,12,Olivia Szczepanik,https://www.athletic.net/athlete/14025682/cross-country,24:06.30,Temperance Bedford,https://www.athletic.net/athlete/14025682/cross-country,14025682.jpg
66.,12,Baneen Al-Heleal,https://www.athletic.net/athlete/15349561/cross-country,24:07.90,Ypsilanti Community,https://www.athletic.net/athlete/15349561/cross-country,15349561.jpg
67.,9,Elin Tenbrink,https://www.athletic.net/athlete/23349718/cross-country,24:09.40,Ann Arbor Skyline,https://www.athletic.net/athlete/23349718/cross-country,23349718.jpg
68.,11,Brooklyn Reason,https://www.athletic.net/athlete/18188857/cross-country,24:18.50,Pinckney,https://www.athletic.net/athlete/18188857/cross-country,18188857.jpg
69.,10,Miranda Fulop,https://www.athletic.net/athlete/17373080/cross-country,24:20.80,Temperance Bedford,https://www.athletic.net/athlete/17373080/cross-country,17373080.jpg
70.,10,Hayleigh Belkofer,https://www.athletic.net/athlete/26279842/cross-country,24:22.30,Temperance Bedford,https://www.athletic.net/athlete/26279842/cross-country,26279842.jpg
71.,11,Grace Fredericks,https://www.athletic.net/athlete/15776341/cross-country,24:23.60,Temperance Bedford,https://www.athletic.net/athlete/15776341/cross-country,15776341.jpg
72.,11,Zeva Hathaway,https://www.athletic.net/athlete/19050545/cross-country,24:31.20,Pinckney,https://www.athletic.net/athlete/19050545/cross-country,19050545.jpg
73.,9,Marina Echegoyen,https://www.athletic.net/athlete/15954886/cross-country,24:34.00,Ypsilanti Lincoln,https://www.athletic.net/athlete/15954886/cross-country,15954886.jpg
74.,12,Christina Roberts,https://www.athletic.net/athlete/15883104/cross-country,24:58.10,Chelsea,https://www.athletic.net/athlete/15883104/cross-country,15883104.jpg
75.,10,Leila Morris,https://www.athletic.net/athlete/14249305/cross-country,25:08.20,Tecumseh,https://www.athletic.net/athlete/14249305/cross-country,14249305.jpg
76.,12,Janah Byrne,https://www.athletic.net/athlete/18876770/cross-country,25:22.10,Temperance Bedford,https://www.athletic.net/athlete/18876770/cross-country,18876770.jpg
77.,10,Jeniya Graham,https://www.athletic.net/athlete/23605897/cross-country,25:28.90,Jackson,https://www.athletic.net/athlete/23605897/cross-country,23605897.jpg
78.,11,Mireille Hunter,https://www.athletic.net/athlete/21181555/cross-country,25:36.10,Chelsea,https://www.athletic.net/athlete/21181555/cross-country,21181555.jpg
79.,11,Nancy Gordon,https://www.athletic.net/athlete/21155774/cross-country,25:42.30,Adrian,https://www.athletic.net/athlete/21155774/cross-country,21155774.jpg
80.,10,Lauren Olma,https://www.athletic.net/athlete/12357592/cross-country,25:45.20,Ypsilanti Lincoln,https://www.athletic.net/athlete/12357592/cross-country,12357592.jpg
81.,10,Kaylee Hicks,https://www.athletic.net/athlete/17303957/cross-country,25:50.00,Tecumseh,https://www.athletic.net/athlete/17303957/cross-country,17303957.jpg
82.,9,Salem McKinley,https://www.athletic.net/athlete/19101305/cross-country,25:58.00,Ypsilanti Community,https://www.athletic.net/athlete/19101305/cross-country,19101305.jpg
83.,9,Morgan McMichael,https://www.athletic.net/athlete/17303960/cross-country,26:19.70,Tecumseh,https://www.athletic.net/athlete/17303960/cross-country,17303960.jpg
84.,9,Ella McCleery,https://www.athletic.net/athlete/26279830/cross-country,26:26.90,Ypsilanti Community,https://www.athletic.net/athlete/26279830/cross-country,26279830.jpg
85.,9,Zoey Smalling,https://www.athletic.net/athlete/26395209/cross-country,26:30.70,Monroe,https://www.athletic.net/athlete/26395209/cross-country,26395209.jpg
86.,11,Chloe Wanner,https://www.athletic.net/athlete/21228169/cross-country,26:32.90,Temperance Bedford,https://www.athletic.net/athlete/21228169/cross-country,21228169.jpg
87.,9,Eve Wagner,https://www.athletic.net/athlete/21304523/cross-country,26:38.00,Chelsea,https://www.athletic.net/athlete/21304523/cross-country,21304523.jpg
88.,9,Abigail Adams,https://www.athletic.net/athlete/17372519/cross-country,26:44.00,Pinckney,https://www.athletic.net/athlete/17372519/cross-country,17372519.jpg
89.,9,Suzy Hedricks,https://www.athletic.net/athlete/26392855/cross-country,27:02.20,Adrian,https://www.athletic.net/athlete/26392855/cross-country,26392855.jpg
90.,9,Mattie Leightner,https://www.athletic.net/athlete/26351477/cross-country,27:05.00,Adrian,https://www.athletic.net/athlete/26351477/cross-country,26351477.jpg
91.,11,Aurora Welling,https://www.athletic.net/athlete/21157134/cross-country,27:15.10,Chelsea,https://www.athletic.net/athlete/21157134/cross-country,21157134.jpg
92.,10,Carlee Bakewell,https://www.athletic.net/athlete/23595371/cross-country,27:19.80,Adrian,https://www.athletic.net/athlete/23595371/cross-country,23595371.jpg
93.,9,Astrid Leininger,https://www.athletic.net/athlete/26351478/cross-country,27:38.50,Adrian,https://www.athletic.net/athlete/26351478/cross-country,26351478.jpg
94.,10,Josephine Mehki,https://www.athletic.net/athlete/23653204/cross-country,27:39.30,Monroe,https://www.athletic.net/athlete/23653204/cross-country,23653204.jpg
95.,9,Paloma Gonzalez-Haske,https://www.athletic.net/athlete/15954888/cross-country,28:13.30,Ypsilanti Lincoln,https://www.athletic.net/athlete/15954888/cross-country,15954888.jpg
96.,9,Lea Rode,https://www.athletic.net/athlete/26279833/cross-country,28:19.40,Ypsilanti Community,https://www.athletic.net/athlete/26279833/cross-country,26279833.jpg
97.,9,Lacey Spangler,https://www.athletic.net/athlete/14146148/cross-country,28:45.50,Ypsilanti Lincoln,https://www.athletic.net/athlete/14146148/cross-country,14146148.jpg
98.,12,Kaitlin Kubicki,https://www.athletic.net/athlete/18010105/cross-country,29:07.80,Chelsea,https://www.athletic.net/athlete/18010105/cross-country,18010105.jpg
99.,9,Gemma Burr,https://www.athletic.net/athlete/26395165/cross-country,30:14.20,Monroe,https://www.athletic.net/athlete/26395165/cross-country,26395165.jpg
100.,12,Ellie Northway-Wimsatt,https://www.athletic.net/athlete/23907343/cross-country,34:55.00,Ypsilanti Community,https://www.athletic.net/athlete/23907343/cross-country,23907343.jpg
101.,12,Simran Kapoor,https://www.athletic.net/athlete/23782528/cross-country,37:11.30,Ypsilanti Community,https://www.athletic.net/athlete/23782528/cross-country,23782528.jpg
