SEC Jamboree #1 Womens 5000 Meters Junior Varsity
Tue Sep 10 2024
https://www.athletic.net/CrossCountry/meet/238311/results/952329
"<p>At the SEC Jamboree #1 held on September 10, 2024, at Willow Metropark, the Ann Arbor Skyline Junior Varsity girls team delivered a strong performance, finishing 4th overall with a team score of 84 points. The race included competitive teams from Saline, Dexter, Ann Arbor Pioneer, and others.</p><p>Leading the charge for Skyline was sophomore <span class=""athlete"">Alison Kauffman</span>, who placed 8th with a time of <time>23:43.30</time>, followed by freshman <span class=""athlete"">Violet Olley</span> in 19th place with a time of <time>24:37.10</time>. Junior <span class=""athlete"">Adrienne Stewart</span> was close behind, finishing 20th with a time of <time>24:40.60</time>.</p><p>Senior <span class=""athlete"">Julianna Heung</span> finished 25th, clocking in at <time>25:21.20</time>, and freshman <span class=""athlete"">Calla Sopoci</span> followed in 26th with a time of <time>25:22.90</time>, rounding out Skyline’s top five scorers.</p><p>Other notable performances included sophomore <span class=""athlete"">Ruthie Scott</span> (<time>25:31.00</time>), senior <span class=""athlete"">Alexandra Wren</span> (<time>25:33.90</time>), and sophomore <span class=""athlete"">Elsa Wenzlaff</span> (<time>25:36.00</time>), all contributing to the team's overall success.</p><p>The Skyline girls showed strong depth and consistent effort, securing a solid 4th-place finish in a competitive field.</p>"
Place,Team,Score
1,Ypsilanti Lincoln,22
2,Saline,73
3,Dexter,81
4,Ann Arbor Pioneer,84
5,Ann Arbor Skyline,134
6,Ann Arbor Huron,147
7,Temperance Bedford,213

Place,Grade,Name,Athlete Link,Time,Team,Team Link,Profile Pic
1.,11,Riley Provost,https://www.athletic.net/athlete/14164024/cross-country,23:15.00,Saline,https://www.athletic.net/athlete/14164024/cross-country,14164024.jpg
2.,9,Claire Steinbrecher,https://www.athletic.net/athlete/21411167/cross-country,23:18.50,Dexter,https://www.athletic.net/athlete/21411167/cross-country,21411167.jpg
3.,11,Mahalia Staton,https://www.athletic.net/athlete/22262892/cross-country,23:20.50,Saline,https://www.athletic.net/athlete/22262892/cross-country,22262892.jpg
4.,10,Julianna Richards,https://www.athletic.net/athlete/19005084/cross-country,23:32.50,Dexter,https://www.athletic.net/athlete/19005084/cross-country,19005084.jpg
5.,12,Elizabeth (Lizzie) Thibeault,https://www.athletic.net/athlete/18817762/cross-country,23:34.00,Saline,https://www.athletic.net/athlete/18817762/cross-country,18817762.jpg
6.,12,Carolyn Schwartz,https://www.athletic.net/athlete/19850814/cross-country,23:38.10,Saline,https://www.athletic.net/athlete/19850814/cross-country,19850814.jpg
7.,11,Kennedy Lange,https://www.athletic.net/athlete/17985470/cross-country,23:38.80,Saline,https://www.athletic.net/athlete/17985470/cross-country,17985470.jpg
8.,10,Alison Kauffman,https://www.athletic.net/athlete/23564882/cross-country,23:43.30,Ann Arbor Skyline,https://www.athletic.net/athlete/23564882/cross-country,23564882.jpg
9.,12,Jasmine Boggy,https://www.athletic.net/athlete/18772978/cross-country,23:56.00,Ann Arbor Pioneer,https://www.athletic.net/athlete/18772978/cross-country,18772978.jpg
10.,11,Jillian Hayes,https://www.athletic.net/athlete/15874241/cross-country,23:59.10,Saline,https://www.athletic.net/athlete/15874241/cross-country,15874241.jpg
11.,10,Mae Barbaro,https://www.athletic.net/athlete/19005067/cross-country,24:11.50,Dexter,https://www.athletic.net/athlete/19005067/cross-country,19005067.jpg
12.,12,Allysa Kelly,https://www.athletic.net/athlete/15266172/cross-country,24:12.90,Temperance Bedford,https://www.athletic.net/athlete/15266172/cross-country,15266172.jpg
13.,12,Kylie Warner,https://www.athletic.net/athlete/18817764/cross-country,24:16.80,Saline,https://www.athletic.net/athlete/18817764/cross-country,18817764.jpg
14.,12,Luciana Sweeney,https://www.athletic.net/athlete/23594657/cross-country,24:17.00,Saline,https://www.athletic.net/athlete/23594657/cross-country,23594657.jpg
15.,10,Isabel McEwen,https://www.athletic.net/athlete/23553117/cross-country,24:24.80,Ann Arbor Pioneer,https://www.athletic.net/athlete/23553117/cross-country,23553117.jpg
16.,9,Deborah Song,https://www.athletic.net/athlete/23349764/cross-country,24:30.80,Ann Arbor Huron,https://www.athletic.net/athlete/23349764/cross-country,23349764.jpg
17.,12,Avanti Ganesan,https://www.athletic.net/athlete/18772987/cross-country,24:35.60,Ann Arbor Pioneer,https://www.athletic.net/athlete/18772987/cross-country,18772987.jpg
18.,10,Mia Washington,https://www.athletic.net/athlete/23594662/cross-country,24:37.00,Saline,https://www.athletic.net/athlete/23594662/cross-country,23594662.jpg
19.,9,Violet Olley,https://www.athletic.net/athlete/26328683/cross-country,24:37.10,Ann Arbor Skyline,https://www.athletic.net/athlete/26328683/cross-country,26328683.jpg
20.,11,Adrienne Stewart,https://www.athletic.net/athlete/21142907/cross-country,24:40.60,Ann Arbor Skyline,https://www.athletic.net/athlete/21142907/cross-country,21142907.jpg
21.,11,Hannah Gritzmaker,https://www.athletic.net/athlete/22262878/cross-country,24:52.20,Saline,https://www.athletic.net/athlete/22262878/cross-country,22262878.jpg
22.,12,Rachel Sprauer,https://www.athletic.net/athlete/18772994/cross-country,24:57.70,Ann Arbor Pioneer,https://www.athletic.net/athlete/18772994/cross-country,18772994.jpg
23.,9,Marissa Salazar,https://www.athletic.net/athlete/26372414/cross-country,25:07.00,Saline,https://www.athletic.net/athlete/26372414/cross-country,26372414.jpg
24.,11,Ruth (Ruthie) Bonfiglio,https://www.athletic.net/athlete/17985466/cross-country,25:16.70,Saline,https://www.athletic.net/athlete/17985466/cross-country,17985466.jpg
25.,12,Julianna Heung,https://www.athletic.net/athlete/23687880/cross-country,25:21.20,Ann Arbor Skyline,https://www.athletic.net/athlete/23687880/cross-country,23687880.jpg
26.,9,Calla Sopoci,https://www.athletic.net/athlete/26328689/cross-country,25:22.90,Ann Arbor Skyline,https://www.athletic.net/athlete/26328689/cross-country,26328689.jpg
27.,10,Chloe Tuttle,https://www.athletic.net/athlete/23349769/cross-country,25:24.40,Ann Arbor Huron,https://www.athletic.net/athlete/23349769/cross-country,23349769.jpg
28.,9,Charlotte Kinder,https://www.athletic.net/athlete/26345923/cross-country,25:27.10,Ann Arbor Pioneer,https://www.athletic.net/athlete/26345923/cross-country,26345923.jpg
29.,9,Meenakshi Pradeep,https://www.athletic.net/athlete/23349757/cross-country,25:27.60,Ann Arbor Huron,https://www.athletic.net/athlete/23349757/cross-country,23349757.jpg
30.,11,Hannah Bougher,https://www.athletic.net/athlete/17349269/cross-country,25:29.50,Dexter,https://www.athletic.net/athlete/17349269/cross-country,17349269.jpg
31.,10,Ruthie Scott,https://www.athletic.net/athlete/23349715/cross-country,25:31.00,Ann Arbor Skyline,https://www.athletic.net/athlete/23349715/cross-country,23349715.jpg
32.,12,Alexandra Wren,https://www.athletic.net/athlete/21142908/cross-country,25:33.90,Ann Arbor Skyline,https://www.athletic.net/athlete/21142908/cross-country,21142908.jpg
33.,11,Elsa Wenzlaff,https://www.athletic.net/athlete/22520388/cross-country,25:36.00,Ann Arbor Skyline,https://www.athletic.net/athlete/22520388/cross-country,22520388.jpg
34.,11,Lola Lange,https://www.athletic.net/athlete/22262881/cross-country,25:42.80,Saline,https://www.athletic.net/athlete/22262881/cross-country,22262881.jpg
35.,9,Aubrey Pakulski,https://www.athletic.net/athlete/22786303/cross-country,25:45.60,Temperance Bedford,https://www.athletic.net/athlete/22786303/cross-country,22786303.jpg
36.,10,Claire Chivens,https://www.athletic.net/athlete/23349574/cross-country,25:48.60,Ann Arbor Pioneer,https://www.athletic.net/athlete/23349574/cross-country,23349574.jpg
37.,12,Makenzie Weiher,https://www.athletic.net/athlete/17363120/cross-country,25:50.40,Temperance Bedford,https://www.athletic.net/athlete/17363120/cross-country,17363120.jpg
38.,10,Megan Cabble,https://www.athletic.net/athlete/19005069/cross-country,25:58.60,Dexter,https://www.athletic.net/athlete/19005069/cross-country,19005069.jpg
39.,12,Eliza Farr,https://www.athletic.net/athlete/10633630/cross-country,26:01.70,Saline,https://www.athletic.net/athlete/10633630/cross-country,10633630.jpg
40.,12,Danielle Ransom,https://www.athletic.net/athlete/20023906/cross-country,26:02.10,Ann Arbor Pioneer,https://www.athletic.net/athlete/20023906/cross-country,20023906.jpg
41.,9,Sade Napier,https://www.athletic.net/athlete/12098040/cross-country,26:03.00,Ypsilanti Lincoln,https://www.athletic.net/athlete/12098040/cross-country,12098040.jpg
42.,11,Shyla Smith,https://www.athletic.net/athlete/12399336/cross-country,26:09.70,Saline,https://www.athletic.net/athlete/12399336/cross-country,12399336.jpg
43.,12,Ann Kececi,https://www.athletic.net/athlete/24802381/cross-country,26:14.90,Ann Arbor Skyline,https://www.athletic.net/athlete/24802381/cross-country,24802381.jpg
44.,12,Cassidy McElroy,https://www.athletic.net/athlete/23568922/cross-country,26:34.10,Dexter,https://www.athletic.net/athlete/23568922/cross-country,23568922.jpg
45.,9,Amelia Shirk,https://www.athletic.net/athlete/26366135/cross-country,26:34.40,Ann Arbor Pioneer,https://www.athletic.net/athlete/26366135/cross-country,26366135.jpg
46.,10,Emma Allis,https://www.athletic.net/athlete/23594659/cross-country,26:39.60,Saline,https://www.athletic.net/athlete/23594659/cross-country,23594659.jpg
47.,10,Sylvia Irwin,https://www.athletic.net/athlete/23662277/cross-country,26:46.10,Ann Arbor Huron,https://www.athletic.net/athlete/23662277/cross-country,23662277.jpg
48.,12,Meadow Gomez,https://www.athletic.net/athlete/23502289/cross-country,26:47.00,Temperance Bedford,https://www.athletic.net/athlete/23502289/cross-country,23502289.jpg
49.,11,Kaitlyn Darby,https://www.athletic.net/athlete/18072739/cross-country,26:51.90,Dexter,https://www.athletic.net/athlete/18072739/cross-country,18072739.jpg
50.,11,Nina Beals,https://www.athletic.net/athlete/23564881/cross-country,26:56.30,Ann Arbor Skyline,https://www.athletic.net/athlete/23564881/cross-country,23564881.jpg
51.,10,Addison Wroblewski,https://www.athletic.net/athlete/17368218/cross-country,27:02.10,Pinckney,https://www.athletic.net/athlete/17368218/cross-country,17368218.jpg
52.,12,Hadley Feyen,https://www.athletic.net/athlete/18772986/cross-country,27:15.50,Ann Arbor Pioneer,https://www.athletic.net/athlete/18772986/cross-country,18772986.jpg
53.,10,Beatrice Staunton,https://www.athletic.net/athlete/23662284/cross-country,27:17.90,Ann Arbor Huron,https://www.athletic.net/athlete/23662284/cross-country,23662284.jpg
54.,11,Hayley Hummel,https://www.athletic.net/athlete/26372412/cross-country,27:29.30,Saline,https://www.athletic.net/athlete/26372412/cross-country,26372412.jpg
55.,12,Katelynn Reading,https://www.athletic.net/athlete/18817750/cross-country,27:34.00,Saline,https://www.athletic.net/athlete/18817750/cross-country,18817750.jpg
56.,9,Allie Hoeft,https://www.athletic.net/athlete/21411156/cross-country,27:36.00,Dexter,https://www.athletic.net/athlete/21411156/cross-country,21411156.jpg
57.,11,Claire Oberski,https://www.athletic.net/athlete/22961021/cross-country,27:39.10,Saline,https://www.athletic.net/athlete/22961021/cross-country,22961021.jpg
58.,11,Delaney Niven,https://www.athletic.net/athlete/14164137/cross-country,27:41.20,Saline,https://www.athletic.net/athlete/14164137/cross-country,14164137.jpg
59.,11,Ola Rominski,https://www.athletic.net/athlete/21280254/cross-country,27:54.80,Ann Arbor Pioneer,https://www.athletic.net/athlete/21280254/cross-country,21280254.jpg
60.,9,Rhiannon Reed,https://www.athletic.net/athlete/23349758/cross-country,27:57.90,Ann Arbor Huron,https://www.athletic.net/athlete/23349758/cross-country,23349758.jpg
61.,9,Amy Yang,https://www.athletic.net/athlete/26040452/cross-country,27:59.90,Ann Arbor Huron,https://www.athletic.net/athlete/26040452/cross-country,26040452.jpg
62.,12,Kailyn Austin,https://www.athletic.net/athlete/18817738/cross-country,28:02.70,Saline,https://www.athletic.net/athlete/18817738/cross-country,18817738.jpg
63.,11,Kate Kelleher,https://www.athletic.net/athlete/21128227/cross-country,28:04.50,Ann Arbor Pioneer,https://www.athletic.net/athlete/21128227/cross-country,21128227.jpg
64.,9,Haruka Inada,https://www.athletic.net/athlete/23349741/cross-country,28:10.20,Ann Arbor Huron,https://www.athletic.net/athlete/23349741/cross-country,23349741.jpg
65.,9,Emma Peer,https://www.athletic.net/athlete/18920071/cross-country,28:23.40,Temperance Bedford,https://www.athletic.net/athlete/18920071/cross-country,18920071.jpg
66.,10,Julia Schairbaum,https://www.athletic.net/athlete/26345933/cross-country,28:23.60,Ann Arbor Pioneer,https://www.athletic.net/athlete/26345933/cross-country,26345933.jpg
67.,12,Alia Zahran,https://www.athletic.net/athlete/22415293/cross-country,28:25.20,Ann Arbor Pioneer,https://www.athletic.net/athlete/22415293/cross-country,22415293.jpg
68.,9,Romy Pintar,https://www.athletic.net/athlete/22838131/cross-country,28:27.90,Dexter,https://www.athletic.net/athlete/22838131/cross-country,22838131.jpg
69.,10,Kate Karsies,https://www.athletic.net/athlete/24821201/cross-country,28:34.50,Pinckney,https://www.athletic.net/athlete/24821201/cross-country,24821201.jpg
70.,9,Vivien Sobota,https://www.athletic.net/athlete/22782083/cross-country,28:37.00,Ypsilanti Lincoln,https://www.athletic.net/athlete/22782083/cross-country,22782083.jpg
71.,10,Lily Greenberg,https://www.athletic.net/athlete/23687875/cross-country,28:39.70,Ann Arbor Skyline,https://www.athletic.net/athlete/23687875/cross-country,23687875.jpg
72.,9,Kriszti Njus,https://www.athletic.net/athlete/26345927/cross-country,28:42.70,Ann Arbor Pioneer,https://www.athletic.net/athlete/26345927/cross-country,26345927.jpg
73.,11,Isabella Routson,https://www.athletic.net/athlete/22262888/cross-country,28:49.10,Saline,https://www.athletic.net/athlete/22262888/cross-country,22262888.jpg
74.,9,Sophia Bellizzi,https://www.athletic.net/athlete/26490281/cross-country,28:51.10,Chelsea,https://www.athletic.net/athlete/26490281/cross-country,26490281.jpg
75.,9,Aleena Bower,https://www.athletic.net/athlete/22824139/cross-country,28:58.40,Pinckney,https://www.athletic.net/athlete/22824139/cross-country,22824139.jpg
76.,12,Bella Watterson,https://www.athletic.net/athlete/18876762/cross-country,29:01.20,Temperance Bedford,https://www.athletic.net/athlete/18876762/cross-country,18876762.jpg
77.,12,Sienna Trier,https://www.athletic.net/athlete/18863633/cross-country,29:04.50,Saline,https://www.athletic.net/athlete/18863633/cross-country,18863633.jpg
78.,9,Kayloni Nunez,https://www.athletic.net/athlete/21368295/cross-country,29:13.00,Temperance Bedford,https://www.athletic.net/athlete/21368295/cross-country,21368295.jpg
79.,12,Madison Bray,https://www.athletic.net/athlete/19796233/cross-country,29:53.50,Dexter,https://www.athletic.net/athlete/19796233/cross-country,19796233.jpg
80.,9,Halynn Kim,https://www.athletic.net/athlete/23349749/cross-country,30:01.00,Ann Arbor Huron,https://www.athletic.net/athlete/23349749/cross-country,23349749.jpg
81.,11,Hattie Pok,https://www.athletic.net/athlete/21122027/cross-country,30:09.40,Ann Arbor Pioneer,https://www.athletic.net/athlete/21122027/cross-country,21122027.jpg
82.,10,Dahlia Dell'Orco,https://www.athletic.net/athlete/23594661/cross-country,30:15.60,Saline,https://www.athletic.net/athlete/23594661/cross-country,23594661.jpg
83.,10,Flora McElroy,https://www.athletic.net/athlete/22838079/cross-country,30:17.60,Dexter,https://www.athletic.net/athlete/22838079/cross-country,22838079.jpg
84.,9,Juliet Towns,https://www.athletic.net/athlete/15954889/cross-country,30:20.30,Ypsilanti Lincoln,https://www.athletic.net/athlete/15954889/cross-country,15954889.jpg
85.,9,Gaby Chapman,https://www.athletic.net/athlete/26345919/cross-country,30:24.80,Ann Arbor Pioneer,https://www.athletic.net/athlete/26345919/cross-country,26345919.jpg
86.,12,Ella Smith,https://www.athletic.net/athlete/18072767/cross-country,30:32.90,Dexter,https://www.athletic.net/athlete/18072767/cross-country,18072767.jpg
87.,10,Seahyun Ko,https://www.athletic.net/athlete/26502584/cross-country,31:13.10,Ann Arbor Huron,https://www.athletic.net/athlete/26502584/cross-country,26502584.jpg
88.,9,Angelica Thomas,https://www.athletic.net/athlete/26419647/cross-country,31:18.60,Jackson,https://www.athletic.net/athlete/26419647/cross-country,26419647.jpg
89.,9,Abigail McDonald,https://www.athletic.net/athlete/15954901/cross-country,31:58.00,Ypsilanti Lincoln,https://www.athletic.net/athlete/15954901/cross-country,15954901.jpg
90.,11,Arabella Kessler,https://www.athletic.net/athlete/23564883/cross-country,32:07.70,Ann Arbor Skyline,https://www.athletic.net/athlete/23564883/cross-country,23564883.jpg
91.,10,Elizabeth Giles,https://www.athletic.net/athlete/23594664/cross-country,32:30.50,Saline,https://www.athletic.net/athlete/23594664/cross-country,23594664.jpg
92.,10,Moira Laundree,https://www.athletic.net/athlete/26377761/cross-country,32:37.00,Saline,https://www.athletic.net/athlete/26377761/cross-country,26377761.jpg
93.,11,Maya Muenzer,https://www.athletic.net/athlete/21228174/cross-country,33:08.10,Temperance Bedford,https://www.athletic.net/athlete/21228174/cross-country,21228174.jpg
94.,12,Arianna Haaser,https://www.athletic.net/athlete/18876760/cross-country,33:11.80,Temperance Bedford,https://www.athletic.net/athlete/18876760/cross-country,18876760.jpg
95.,10,Brooke Simon,https://www.athletic.net/athlete/26372410/cross-country,33:14.20,Saline,https://www.athletic.net/athlete/26372410/cross-country,26372410.jpg
96.,11,Ishani Deswal,https://www.athletic.net/athlete/23594658/cross-country,33:20.10,Saline,https://www.athletic.net/athlete/23594658/cross-country,23594658.jpg
97.,11,Anya Lanker,https://www.athletic.net/athlete/21166518/cross-country,33:39.30,Saline,https://www.athletic.net/athlete/21166518/cross-country,21166518.jpg
98.,10,Grace Krugh,https://www.athletic.net/athlete/20144453/cross-country,33:52.10,Chelsea,https://www.athletic.net/athlete/20144453/cross-country,20144453.jpg
99.,9,Livi Byers,https://www.athletic.net/athlete/26322051/cross-country,33:54.10,Ann Arbor Skyline,https://www.athletic.net/athlete/26322051/cross-country,26322051.jpg
100.,9,Maggie Meek,https://www.athletic.net/athlete/23769874/cross-country,34:14.40,Dexter,https://www.athletic.net/athlete/23769874/cross-country,23769874.jpg
101.,9,Giuliana Biundo,https://www.athletic.net/athlete/22838016/cross-country,34:20.80,Dexter,https://www.athletic.net/athlete/22838016/cross-country,22838016.jpg
102.,11,Serenity Pello,https://www.athletic.net/athlete/15776383/cross-country,34:21.00,Temperance Bedford,https://www.athletic.net/athlete/15776383/cross-country,15776383.jpg
103.,11,Dylan Erickson,https://www.athletic.net/athlete/24844498/cross-country,34:27.90,Saline,https://www.athletic.net/athlete/24844498/cross-country,24844498.jpg
104.,12,Rhya Wright,https://www.athletic.net/athlete/15990732/cross-country,34:37.60,Dexter,https://www.athletic.net/athlete/15990732/cross-country,15990732.jpg
105.,9,Grace McCormick,https://www.athletic.net/athlete/26395173/cross-country,35:12.90,Monroe,https://www.athletic.net/athlete/26395173/cross-country,26395173.jpg
106.,12,Solana Purse,https://www.athletic.net/athlete/22180514/cross-country,35:22.80,Ypsilanti Lincoln,https://www.athletic.net/athlete/22180514/cross-country,22180514.jpg
107.,12,Shelby Fordeck,https://www.athletic.net/athlete/19850801/cross-country,35:34.80,Saline,https://www.athletic.net/athlete/19850801/cross-country,19850801.jpg
108.,9,Angelina Thomas,https://www.athletic.net/athlete/26419650/cross-country,35:36.00,Jackson,https://www.athletic.net/athlete/26419650/cross-country,26419650.jpg
109.,11,Natasha Hatlem,https://www.athletic.net/athlete/21166515/cross-country,36:07.20,Saline,https://www.athletic.net/athlete/21166515/cross-country,21166515.jpg
110.,9,Emily Xiao,https://www.athletic.net/athlete/26490286/cross-country,36:13.00,Chelsea,https://www.athletic.net/athlete/26490286/cross-country,26490286.jpg
111.,9,Virginia Nocentini,https://www.athletic.net/athlete/22805283/cross-country,36:42.70,Jackson,https://www.athletic.net/athlete/22805283/cross-country,22805283.jpg
112.,12,Johanna Blom,https://www.athletic.net/athlete/26490245/cross-country,42:48.00,Chelsea,https://www.athletic.net/athlete/26490245/cross-country,26490245.jpg
