SEC Jamboree #1 Mens 5000 Meters Junior Varsity
Tue Sep 10 2024
https://www.athletic.net/CrossCountry/meet/238311/results/952327
"<p>At the SEC Jamboree #1 held on September 10, 2024, at Willow Metropark, the Ann Arbor Skyline Junior Varsity boys team faced off against tough competition and finished 4th overall with a team score of 49 points. The race featured teams from Saline, Pinckney, Chelsea, Dexter, and more.</p><p>Key performances for Skyline included sophomore <span class=""athlete"">Santiago Valenzuela</span>, who finished 7th overall with a time of <time>18:55.70</time>, followed closely by senior <span class=""athlete"">Henry Strait</span> in 8th place, clocking in at <time>18:56.20</time>. Senior <span class=""athlete"">Jackson Cichewicz</span> crossed the finish line in 11th place with a time of <time>19:11.80</time>, while sophomore <span class=""athlete"">Dylan Hanley</span> placed 12th at <time>19:13.50</time>. Senior <span class=""athlete"">Alex Nemecek</span> also contributed to the team's success, finishing 16th with a season-best time of <time>19:21.40</time>.</p><p>Overall, the team showcased solid performances and consistency, with a tight spread between their top runners, marking a strong showing in the SEC Jamboree.</p>"
Place,Team,Score
1,Ypsilanti Lincoln,19
2,Saline,22
3,Pinckney,33
4,Chelsea,49
5,Ann Arbor Skyline,67
6,Dexter,107
7,Ann Arbor Pioneer,132
8,Ann Arbor Huron,141

Place,Grade,Name,Athlete Link,Time,Team,Team Link,Profile Pic
1.,12,William Rosales,https://www.athletic.net/athlete/18800611/cross-country,18:08.40,Saline,https://www.athletic.net/athlete/18800611/cross-country,18800611.jpg
2.,10,Carter Mitton,https://www.athletic.net/athlete/23578352/cross-country,18:22.20,Saline,https://www.athletic.net/athlete/23578352/cross-country,23578352.jpg
3.,11,Hollis Mick,https://www.athletic.net/athlete/15852465/cross-country,18:29.90,Jackson,https://www.athletic.net/athlete/15852465/cross-country,15852465.jpg
4.,10,Ryan Rummel,https://www.athletic.net/athlete/23578355/cross-country,18:34.20,Saline,https://www.athletic.net/athlete/23578355/cross-country,23578355.jpg
5.,10,William VanHaaften,https://www.athletic.net/athlete/23578359/cross-country,18:41.80,Saline,https://www.athletic.net/athlete/23578359/cross-country,23578359.jpg
6.,10,Hudson McCleskey,https://www.athletic.net/athlete/21411269/cross-country,18:44.10,Dexter,https://www.athletic.net/athlete/21411269/cross-country,21411269.jpg
7.,10,Santiago Valenzuela,https://www.athletic.net/athlete/23821078/cross-country,18:55.70,Ann Arbor Skyline,https://www.athletic.net/athlete/23821078/cross-country,23821078.jpg
8.,12,Henry Strait,https://www.athletic.net/athlete/22288700/cross-country,18:56.20,Ann Arbor Skyline,https://www.athletic.net/athlete/22288700/cross-country,22288700.jpg
9.,10,Burke Smith,https://www.athletic.net/athlete/19005053/cross-country,19:01.50,Dexter,https://www.athletic.net/athlete/19005053/cross-country,19005053.jpg
10.,12,Archie Patterson,https://www.athletic.net/athlete/21139170/cross-country,19:03.20,Saline,https://www.athletic.net/athlete/21139170/cross-country,21139170.jpg
11.,12,Jackson Cichewicz,https://www.athletic.net/athlete/26322046/cross-country,19:11.80,Ann Arbor Skyline,https://www.athletic.net/athlete/26322046/cross-country,26322046.jpg
12.,10,Dylan Hanley,https://www.athletic.net/athlete/23349680/cross-country,19:13.50,Ann Arbor Skyline,https://www.athletic.net/athlete/23349680/cross-country,23349680.jpg
13.,10,Cooper Ankeney,https://www.athletic.net/athlete/23349607/cross-country,19:15.50,Ann Arbor Pioneer,https://www.athletic.net/athlete/23349607/cross-country,23349607.jpg
14.,9,Tony Boggess,https://www.athletic.net/athlete/26483500/cross-country,19:15.50,Ann Arbor Pioneer,https://www.athletic.net/athlete/26483500/cross-country,26483500.jpg
15.,9,Eli Erman,https://www.athletic.net/athlete/26424520/cross-country,19:16.40,Ann Arbor Pioneer,https://www.athletic.net/athlete/26424520/cross-country,26424520.jpg
16.,12,Alex Nemecek,https://www.athletic.net/athlete/18820260/cross-country,19:21.40,Ann Arbor Skyline,https://www.athletic.net/athlete/18820260/cross-country,18820260.jpg
17.,12,Maceo Colon,https://www.athletic.net/athlete/19847427/cross-country,19:22.50,Temperance Bedford,https://www.athletic.net/athlete/19847427/cross-country,19847427.jpg
18.,10,Quentin McRae,https://www.athletic.net/athlete/20134563/cross-country,19:29.40,Dexter,https://www.athletic.net/athlete/20134563/cross-country,20134563.jpg
19.,9,Owen Healy,https://www.athletic.net/athlete/22820279/cross-country,19:32.30,Dexter,https://www.athletic.net/athlete/22820279/cross-country,22820279.jpg
20.,9,Anderson Harden,https://www.athletic.net/athlete/21411260/cross-country,19:36.70,Dexter,https://www.athletic.net/athlete/21411260/cross-country,21411260.jpg
21.,10,Johan Kim,https://www.athletic.net/athlete/25204370/cross-country,19:55.50,Ann Arbor Huron,https://www.athletic.net/athlete/25204370/cross-country,25204370.jpg
22.,10,Raphael Fournier,https://www.athletic.net/athlete/23564875/cross-country,19:58.10,Ann Arbor Skyline,https://www.athletic.net/athlete/23564875/cross-country,23564875.jpg
23.,9,Conrad Marra,https://www.athletic.net/athlete/23340018/cross-country,20:02.50,Ann Arbor Huron,https://www.athletic.net/athlete/23340018/cross-country,23340018.jpg
24.,12,Blake Cabble,https://www.athletic.net/athlete/15989133/cross-country,20:04.20,Dexter,https://www.athletic.net/athlete/15989133/cross-country,15989133.jpg
25.,11,Marlowe Hartnett,https://www.athletic.net/athlete/21147174/cross-country,20:05.10,Ann Arbor Skyline,https://www.athletic.net/athlete/21147174/cross-country,21147174.jpg
26.,12,Jonas Enriquez,https://www.athletic.net/athlete/14023080/cross-country,20:18.30,Temperance Bedford,https://www.athletic.net/athlete/14023080/cross-country,14023080.jpg
27.,12,Aidan Petik,https://www.athletic.net/athlete/15988499/cross-country,20:18.30,Dexter,https://www.athletic.net/athlete/15988499/cross-country,15988499.jpg
28.,9,Emmett Strait,https://www.athletic.net/athlete/26322025/cross-country,20:24.10,Ann Arbor Skyline,https://www.athletic.net/athlete/26322025/cross-country,26322025.jpg
29.,11,Kasen Salazar,https://www.athletic.net/athlete/21092109/cross-country,20:24.10,Dexter,https://www.athletic.net/athlete/21092109/cross-country,21092109.jpg
30.,10,Ryan Steben,https://www.athletic.net/athlete/23578356/cross-country,20:26.00,Saline,https://www.athletic.net/athlete/23578356/cross-country,23578356.jpg
31.,9,Tanner Ziobron,https://www.athletic.net/athlete/19087308/cross-country,20:31.00,Pinckney,https://www.athletic.net/athlete/19087308/cross-country,19087308.jpg
32.,12,Micah Winchell,https://www.athletic.net/athlete/21147172/cross-country,20:36.00,Ann Arbor Skyline,https://www.athletic.net/athlete/21147172/cross-country,21147172.jpg
33.,12,Levi Whitehead,https://www.athletic.net/athlete/19822121/cross-country,20:39.80,Dexter,https://www.athletic.net/athlete/19822121/cross-country,19822121.jpg
34.,9,Bo Cooke,https://www.athletic.net/athlete/26343262/cross-country,20:45.70,Pinckney,https://www.athletic.net/athlete/26343262/cross-country,26343262.jpg
35.,11,Kyle Davey,https://www.athletic.net/athlete/21156310/cross-country,20:49.70,Ann Arbor Huron,https://www.athletic.net/athlete/21156310/cross-country,21156310.jpg
36.,10,Aiden Jacobs,https://www.athletic.net/athlete/23516367/cross-country,20:50.40,Pinckney,https://www.athletic.net/athlete/23516367/cross-country,23516367.jpg
37.,11,Nicholas Beard,https://www.athletic.net/athlete/22615835/cross-country,20:50.60,Ann Arbor Huron,https://www.athletic.net/athlete/22615835/cross-country,22615835.jpg
38.,9,Liam Grimm,https://www.athletic.net/athlete/21411258/cross-country,20:57.30,Dexter,https://www.athletic.net/athlete/21411258/cross-country,21411258.jpg
39.,10,Emmett Brick,https://www.athletic.net/athlete/23349611/cross-country,21:09.90,Ann Arbor Pioneer,https://www.athletic.net/athlete/23349611/cross-country,23349611.jpg
40.,12,Kyle Parks,https://www.athletic.net/athlete/24467442/cross-country,21:10.30,Temperance Bedford,https://www.athletic.net/athlete/24467442/cross-country,24467442.jpg
41.,12,Andrew Irgang,https://www.athletic.net/athlete/18800612/cross-country,21:15.30,Saline,https://www.athletic.net/athlete/18800612/cross-country,18800612.jpg
42.,9,Oliver Vaudt,https://www.athletic.net/athlete/26285729/cross-country,21:20.10,Dexter,https://www.athletic.net/athlete/26285729/cross-country,26285729.jpg
43.,10,Haven Torreano,https://www.athletic.net/athlete/23340039/cross-country,21:20.60,Ann Arbor Huron,https://www.athletic.net/athlete/23340039/cross-country,23340039.jpg
44.,10,Andrew Harrison,https://www.athletic.net/athlete/17324657/cross-country,21:21.60,Temperance Bedford,https://www.athletic.net/athlete/17324657/cross-country,17324657.jpg
45.,9,John Preuss,https://www.athletic.net/athlete/21487633/cross-country,21:23.70,Dexter,https://www.athletic.net/athlete/21487633/cross-country,21487633.jpg
46.,11,D'Angelo Lucarelli,https://www.athletic.net/athlete/22268528/cross-country,21:25.80,Temperance Bedford,https://www.athletic.net/athlete/22268528/cross-country,22268528.jpg
47.,11,Anthony Kraus,https://www.athletic.net/athlete/15739517/cross-country,21:28.40,Temperance Bedford,https://www.athletic.net/athlete/15739517/cross-country,15739517.jpg
48.,12,Alex Watson,https://www.athletic.net/athlete/15988562/cross-country,21:30.10,Dexter,https://www.athletic.net/athlete/15988562/cross-country,15988562.jpg
49.,12,Adrian Sieh,https://www.athletic.net/athlete/18800623/cross-country,21:35.60,Saline,https://www.athletic.net/athlete/18800623/cross-country,18800623.jpg
50.,9,Owen Straub,https://www.athletic.net/athlete/18915535/cross-country,21:47.00,Temperance Bedford,https://www.athletic.net/athlete/18915535/cross-country,18915535.jpg
51.,9,Joowon Lee,https://www.athletic.net/athlete/23349696/cross-country,21:49.60,Ann Arbor Skyline,https://www.athletic.net/athlete/23349696/cross-country,23349696.jpg
52.,10,Sam Bishir,https://www.athletic.net/athlete/23616317/cross-country,21:51.10,Ann Arbor Pioneer,https://www.athletic.net/athlete/23616317/cross-country,23616317.jpg
53.,10,Preston Vasas,https://www.athletic.net/athlete/26245289/cross-country,21:52.60,Chelsea,https://www.athletic.net/athlete/26245289/cross-country,26245289.jpg
54.,10,Christopher Walper,https://www.athletic.net/athlete/23578360/cross-country,21:55.20,Saline,https://www.athletic.net/athlete/23578360/cross-country,23578360.jpg
55.,12,Will Weiszhaar,https://www.athletic.net/athlete/17349265/cross-country,21:55.70,Dexter,https://www.athletic.net/athlete/17349265/cross-country,17349265.jpg
56.,9,Leo Chi,https://www.athletic.net/athlete/26460401/cross-country,21:56.30,Ann Arbor Skyline,https://www.athletic.net/athlete/26460401/cross-country,26460401.jpg
57.,9,Braydon Han,https://www.athletic.net/athlete/26424522/cross-country,21:56.40,Ann Arbor Pioneer,https://www.athletic.net/athlete/26424522/cross-country,26424522.jpg
58.,9,Simeon Strong,https://www.athletic.net/athlete/21304517/cross-country,21:56.70,Chelsea,https://www.athletic.net/athlete/21304517/cross-country,21304517.jpg
59.,10,Phylip Elliott,https://www.athletic.net/athlete/23636797/cross-country,22:00.10,Ann Arbor Skyline,https://www.athletic.net/athlete/23636797/cross-country,23636797.jpg
60.,9,David Bingham,https://www.athletic.net/athlete/26359892/cross-country,22:02.30,Saline,https://www.athletic.net/athlete/26359892/cross-country,26359892.jpg
61.,12,Jacob Ragatz,https://www.athletic.net/athlete/12399387/cross-country,22:03.30,Saline,https://www.athletic.net/athlete/12399387/cross-country,12399387.jpg
62.,11,Jaden Zeilinger,https://www.athletic.net/athlete/21124811/cross-country,22:04.20,Pinckney,https://www.athletic.net/athlete/21124811/cross-country,21124811.jpg
63.,11,Derek Crum,https://www.athletic.net/athlete/21112869/cross-country,22:07.40,Monroe,https://www.athletic.net/athlete/21112869/cross-country,21112869.jpg
64.,12,Patrick (PJ) Carty,https://www.athletic.net/athlete/15989136/cross-country,22:07.80,Dexter,https://www.athletic.net/athlete/15989136/cross-country,15989136.jpg
65.,12,Matthew McGill,https://www.athletic.net/athlete/18072795/cross-country,22:09.30,Dexter,https://www.athletic.net/athlete/18072795/cross-country,18072795.jpg
66.,10,Ben Kaufman,https://www.athletic.net/athlete/22256067/cross-country,22:10.30,Ann Arbor Pioneer,https://www.athletic.net/athlete/22256067/cross-country,22256067.jpg
67.,9,AJ Varner,https://www.athletic.net/athlete/18915534/cross-country,22:14.70,Temperance Bedford,https://www.athletic.net/athlete/18915534/cross-country,18915534.jpg
68.,12,Nathan Krzysik,https://www.athletic.net/athlete/16523191/cross-country,22:27.60,Chelsea,https://www.athletic.net/athlete/16523191/cross-country,16523191.jpg
69.,9,Alexander Emmi,https://www.athletic.net/athlete/23357934/cross-country,22:27.60,Ann Arbor Huron,https://www.athletic.net/athlete/23357934/cross-country,23357934.jpg
70.,10,Levi Gugino,https://www.athletic.net/athlete/23349434/cross-country,22:30.90,Ann Arbor Huron,https://www.athletic.net/athlete/23349434/cross-country,23349434.jpg
71.,9,Edison Schaffer,https://www.athletic.net/athlete/26366397/cross-country,22:34.60,Ann Arbor Huron,https://www.athletic.net/athlete/26366397/cross-country,26366397.jpg
72.,10,Lucas Yuan,https://www.athletic.net/athlete/26419425/cross-country,22:38.90,Ann Arbor Huron,https://www.athletic.net/athlete/26419425/cross-country,26419425.jpg
73.,12,James Minelli,https://www.athletic.net/athlete/15987996/cross-country,22:39.50,Dexter,https://www.athletic.net/athlete/15987996/cross-country,15987996.jpg
74.,9,Will Cannata,https://www.athletic.net/athlete/26424509/cross-country,22:42.20,Ann Arbor Pioneer,https://www.athletic.net/athlete/26424509/cross-country,26424509.jpg
75.,9,Josh Kwak,https://www.athletic.net/athlete/26424666/cross-country,22:42.40,Ann Arbor Pioneer,https://www.athletic.net/athlete/26424666/cross-country,26424666.jpg
76.,10,Christopher Welt,https://www.athletic.net/athlete/23578361/cross-country,22:42.70,Saline,https://www.athletic.net/athlete/23578361/cross-country,23578361.jpg
77.,9,Kiko McEnaney-VanderWoude,https://www.athletic.net/athlete/23737208/cross-country,22:43.50,Chelsea,https://www.athletic.net/athlete/23737208/cross-country,23737208.jpg
78.,9,Ethan Miller,https://www.athletic.net/athlete/23349703/cross-country,22:49.70,Ann Arbor Skyline,https://www.athletic.net/athlete/23349703/cross-country,23349703.jpg
79.,10,Jack Meehan,https://www.athletic.net/athlete/18953783/cross-country,22:54.00,Chelsea,https://www.athletic.net/athlete/18953783/cross-country,18953783.jpg
80.,10,Caleb Lee,https://www.athletic.net/athlete/23629594/cross-country,22:54.10,Ann Arbor Huron,https://www.athletic.net/athlete/23629594/cross-country,23629594.jpg
81.,10,Layten Brinley,https://www.athletic.net/athlete/20133772/cross-country,22:54.50,Dexter,https://www.athletic.net/athlete/20133772/cross-country,20133772.jpg
82.,10,Hudson Sutter,https://www.athletic.net/athlete/19005055/cross-country,23:07.00,Dexter,https://www.athletic.net/athlete/19005055/cross-country,19005055.jpg
83.,9,Derek Wiseman,https://www.athletic.net/athlete/26285730/cross-country,23:09.40,Dexter,https://www.athletic.net/athlete/26285730/cross-country,26285730.jpg
84.,9,Andrew Fay,https://www.athletic.net/athlete/22820249/cross-country,23:14.10,Dexter,https://www.athletic.net/athlete/22820249/cross-country,22820249.jpg
85.,9,Nick DeJesus,https://www.athletic.net/athlete/26424519/cross-country,23:17.90,Ann Arbor Pioneer,https://www.athletic.net/athlete/26424519/cross-country,26424519.jpg
86.,9,Scott Ferguson,https://www.athletic.net/athlete/17303984/cross-country,23:18.50,Tecumseh,https://www.athletic.net/athlete/17303984/cross-country,17303984.jpg
87.,11,Trent Yeager,https://www.athletic.net/athlete/19242652/cross-country,23:19.20,Temperance Bedford,https://www.athletic.net/athlete/19242652/cross-country,19242652.jpg
88.,9,Bryan Goddard,https://www.athletic.net/athlete/26366390/cross-country,23:20.70,Ann Arbor Huron,https://www.athletic.net/athlete/26366390/cross-country,26366390.jpg
89.,10,Kellin Teddy,https://www.athletic.net/athlete/19005058/cross-country,23:23.40,Dexter,https://www.athletic.net/athlete/19005058/cross-country,19005058.jpg
90.,12,Logan Kipley,https://www.athletic.net/athlete/18800615/cross-country,23:25.70,Saline,https://www.athletic.net/athlete/18800615/cross-country,18800615.jpg
91.,12,Ryan Friedholm,https://www.athletic.net/athlete/18800607/cross-country,23:27.40,Saline,https://www.athletic.net/athlete/18800607/cross-country,18800607.jpg
92.,11,Scotty Sheehy,https://www.athletic.net/athlete/20967746/cross-country,23:34.80,Monroe,https://www.athletic.net/athlete/20967746/cross-country,20967746.jpg
93.,12,Marty Watson,https://www.athletic.net/athlete/15988564/cross-country,23:40.00,Dexter,https://www.athletic.net/athlete/15988564/cross-country,15988564.jpg
94.,9,Trevor Mikel,https://www.athletic.net/athlete/15953357/cross-country,23:40.90,Ypsilanti Lincoln,https://www.athletic.net/athlete/15953357/cross-country,15953357.jpg
95.,10,Vincent Miller,https://www.athletic.net/athlete/21412358/cross-country,23:43.00,Pinckney,https://www.athletic.net/athlete/21412358/cross-country,21412358.jpg
96.,9,Remington Manning,https://www.athletic.net/athlete/21304503/cross-country,23:44.00,Chelsea,https://www.athletic.net/athlete/21304503/cross-country,21304503.jpg
97.,12,Josh Cotts,https://www.athletic.net/athlete/21198003/cross-country,23:46.90,Ann Arbor Pioneer,https://www.athletic.net/athlete/21198003/cross-country,21198003.jpg
98.,10,Caleb Cook,https://www.athletic.net/athlete/22891699/cross-country,23:55.70,Temperance Bedford,https://www.athletic.net/athlete/22891699/cross-country,22891699.jpg
99.,12,Hajune Kim,https://www.athletic.net/athlete/18801351/cross-country,23:56.00,Ann Arbor Huron,https://www.athletic.net/athlete/18801351/cross-country,18801351.jpg
100.,11,Zorawar (Joey) Brar,https://www.athletic.net/athlete/22615861/cross-country,23:56.10,Ann Arbor Huron,https://www.athletic.net/athlete/22615861/cross-country,22615861.jpg
101.,12,Bryce Bales,https://www.athletic.net/athlete/15989128/cross-country,23:58.50,Dexter,https://www.athletic.net/athlete/15989128/cross-country,15989128.jpg
102.,10,Landon Stukey,https://www.athletic.net/athlete/23578357/cross-country,24:00.10,Saline,https://www.athletic.net/athlete/23578357/cross-country,23578357.jpg
103.,9,Walter McMourrogh,https://www.athletic.net/athlete/26366395/cross-country,24:11.80,Ann Arbor Huron,https://www.athletic.net/athlete/26366395/cross-country,26366395.jpg
104.,9,Ezekiel Paloff,https://www.athletic.net/athlete/23349707/cross-country,24:17.30,Ann Arbor Skyline,https://www.athletic.net/athlete/23349707/cross-country,23349707.jpg
105.,9,Ben Lin,https://www.athletic.net/athlete/26421538/cross-country,24:25.00,Ann Arbor Huron,https://www.athletic.net/athlete/26421538/cross-country,26421538.jpg
106.,11,Quinn Hudson,https://www.athletic.net/athlete/18071782/cross-country,24:27.80,Temperance Bedford,https://www.athletic.net/athlete/18071782/cross-country,18071782.jpg
107.,9,Jude Shafer,https://www.athletic.net/athlete/23349716/cross-country,24:29.00,Ann Arbor Skyline,https://www.athletic.net/athlete/23349716/cross-country,23349716.jpg
108.,11,Nicholas Palazzolo,https://www.athletic.net/athlete/17349255/cross-country,24:29.50,Dexter,https://www.athletic.net/athlete/17349255/cross-country,17349255.jpg
109.,9,Cole Harms,https://www.athletic.net/athlete/26322018/cross-country,24:38.00,Ann Arbor Skyline,https://www.athletic.net/athlete/26322018/cross-country,26322018.jpg
110.,10,Evan Leach,https://www.athletic.net/athlete/26322027/cross-country,24:53.70,Ann Arbor Skyline,https://www.athletic.net/athlete/26322027/cross-country,26322027.jpg
111.,9,Bowen Zou,https://www.athletic.net/athlete/26424674/cross-country,24:55.50,Ann Arbor Pioneer,https://www.athletic.net/athlete/26424674/cross-country,26424674.jpg
112.,9,Lucas Mutschler,https://www.athletic.net/athlete/21411271/cross-country,25:19.60,Dexter,https://www.athletic.net/athlete/21411271/cross-country,21411271.jpg
113.,12,Amir Abston,https://www.athletic.net/athlete/25395576/cross-country,25:25.00,Ann Arbor Skyline,https://www.athletic.net/athlete/25395576/cross-country,25395576.jpg
114.,11,Oliver McGee,https://www.athletic.net/athlete/21156318/cross-country,25:35.20,Ann Arbor Huron,https://www.athletic.net/athlete/21156318/cross-country,21156318.jpg
115.,11,Meer Ahmed,https://www.athletic.net/athlete/23629567/cross-country,25:45.20,Ann Arbor Huron,https://www.athletic.net/athlete/23629567/cross-country,23629567.jpg
116.,9,Nathaniel (Nate) Keck,https://www.athletic.net/athlete/26316295/cross-country,26:01.10,Temperance Bedford,https://www.athletic.net/athlete/26316295/cross-country,26316295.jpg
117.,9,Lawrence Wang,https://www.athletic.net/athlete/26460421/cross-country,26:01.50,Ann Arbor Skyline,https://www.athletic.net/athlete/26460421/cross-country,26460421.jpg
118.,10,Jack Grimes,https://www.athletic.net/athlete/19005031/cross-country,26:01.60,Dexter,https://www.athletic.net/athlete/19005031/cross-country,19005031.jpg
119.,12,Raymond Jenkins,https://www.athletic.net/athlete/19858884/cross-country,26:03.70,Saline,https://www.athletic.net/athlete/19858884/cross-country,19858884.jpg
120.,10,Walter Groening,https://www.athletic.net/athlete/25236710/cross-country,26:05.10,Ann Arbor Pioneer,https://www.athletic.net/athlete/25236710/cross-country,25236710.jpg
121.,12,Qian Li,https://www.athletic.net/athlete/18801354/cross-country,26:06.90,Ann Arbor Huron,https://www.athletic.net/athlete/18801354/cross-country,18801354.jpg
122.,10,Logan Bundon,https://www.athletic.net/athlete/26349633/cross-country,26:12.20,Monroe,https://www.athletic.net/athlete/26349633/cross-country,26349633.jpg
123.,12,Jacob Gilbert,https://www.athletic.net/athlete/15989144/cross-country,26:30.90,Dexter,https://www.athletic.net/athlete/15989144/cross-country,15989144.jpg
124.,12,Ethan Hornberger,https://www.athletic.net/athlete/18800610/cross-country,26:40.00,Saline,https://www.athletic.net/athlete/18800610/cross-country,18800610.jpg
125.,9,Abdalla Omar,https://www.athletic.net/athlete/26421541/cross-country,26:41.70,Ann Arbor Huron,https://www.athletic.net/athlete/26421541/cross-country,26421541.jpg
126.,10,Josh Briskey,https://www.athletic.net/athlete/23574240/cross-country,27:12.10,Ann Arbor Huron,https://www.athletic.net/athlete/23574240/cross-country,23574240.jpg
127.,9,Jonathan Primus,https://www.athletic.net/athlete/26424668/cross-country,27:19.00,Ann Arbor Pioneer,https://www.athletic.net/athlete/26424668/cross-country,26424668.jpg
128.,12,Marcus Silva,https://www.athletic.net/athlete/15988505/cross-country,28:06.40,Dexter,https://www.athletic.net/athlete/15988505/cross-country,15988505.jpg
129.,12,Xingzhi(Tom) Tan,https://www.athletic.net/athlete/18801364/cross-country,28:11.10,Ann Arbor Huron,https://www.athletic.net/athlete/18801364/cross-country,18801364.jpg
130.,9,Kayvon Ackley,https://www.athletic.net/athlete/21418628/cross-country,29:11.00,Jackson,https://www.athletic.net/athlete/21418628/cross-country,21418628.jpg
131.,10,Cuinn O'Neill,https://www.athletic.net/athlete/19041653/cross-country,29:24.90,Dexter,https://www.athletic.net/athlete/19041653/cross-country,19041653.jpg
132.,9,Ben Weins,https://www.athletic.net/athlete/26316296/cross-country,30:20.90,Temperance Bedford,https://www.athletic.net/athlete/26316296/cross-country,26316296.jpg
133.,9,Maxwell Li,https://www.athletic.net/athlete/21329469/cross-country,30:22.40,Saline,https://www.athletic.net/athlete/21329469/cross-country,21329469.jpg
134.,12,Thang Ly,https://www.athletic.net/athlete/26454146/cross-country,30:46.00,Chelsea,https://www.athletic.net/athlete/26454146/cross-country,26454146.jpg
135.,9,Alexander (Xander) Babiera,https://www.athletic.net/athlete/26348151/cross-country,30:57.30,Temperance Bedford,https://www.athletic.net/athlete/26348151/cross-country,26348151.jpg
136.,11,Dominic Berkholz,https://www.athletic.net/athlete/17349217/cross-country,31:34.30,Dexter,https://www.athletic.net/athlete/17349217/cross-country,17349217.jpg
137.,9,Keegan Jackson,https://www.athletic.net/athlete/26421779/cross-country,32:37.50,Ypsilanti Lincoln,https://www.athletic.net/athlete/26421779/cross-country,26421779.jpg
138.,9,Christopher Ban,https://www.athletic.net/athlete/22808714/cross-country,33:22.40,Monroe,https://www.athletic.net/athlete/22808714/cross-country,22808714.jpg
139.,11,Griffin Beard,https://www.athletic.net/athlete/20318899/cross-country,37:13.90,Temperance Bedford,https://www.athletic.net/athlete/20318899/cross-country,20318899.jpg
