Connor Jett
24801564


Name,Overall Place,Grade,Time,Date,Meet,Meet URL,Comments,Photo
Connor Jett,3000 Meters,No URL found,,,,,,
Connor Jett,2019,-,14:21.8PR,No URL found,"Well, you didn’t set a world record, but you definitely set a team snack record!",24801564.jpg,,
Connor Jett,3000 Meters,No URL found,"You really pushed hard in that final mile, awesome finish!",,,,,
Connor Jett,8 ,,14:21.8PR,Nov 9,USATF Michigan Association Junior Olympic Championships (11-12),https://www.athletic.net/CrossCountry/meet/163999,Super strong start! We'll work on keeping that energy the whole race.,24801564.jpg

