Ethan Miller
23349703


Name,Overall Place,Grade,Time,Date,Meet,Meet URL,Comments,Photo
Ethan Miller,2024,9,21:25.1PR,No URL found,,23349703.jpg,,
Ethan Miller,86 ,,21:25.1PR,Sep 7,Bret Clements Bath Invitational (J.V.),https://www.athletic.net/CrossCountry/meet/236875,"You fought hard all the way through, great resilience!",23349703.jpg
Ethan Miller,78 ,,22:49.7,Sep 10,SEC Jamboree #1 (Junior Varsity),https://www.athletic.net/CrossCountry/meet/238311,Solid performance today! We'll fine-tune things in practice.,23349703.jpg
Ethan Miller,211 ,,22:21.9,Sep 14,56th Holly-Duane Raffin Festival of Races (D1 JV Boys),https://www.athletic.net/CrossCountry/meet/236072,,23349703.jpg

