Jackson Cichewicz
26322046


Name,Overall Place,Grade,Time,Date,Meet,Meet URL,Comments,Photo
Jackson Cichewicz,2024,12,18:52.0PR,No URL found,,26322046.jpg,,
Jackson Cichewicz,128 ,,20:13.2,Aug 29,37th Early Bird Open (HS Open 5K),https://www.athletic.net/CrossCountry/meet/235827,"Your speed was impressive, but next time, try not to leave the spectators in the dust... literally!",26322046.jpg
Jackson Cichewicz,12 ,,18:52.0PR,Sep 7,Bret Clements Bath Invitational (J.V.),https://www.athletic.net/CrossCountry/meet/236875,Awesome race! Let's look at where we can shave off a few more seconds.,26322046.jpg
Jackson Cichewicz,11 ,,19:11.8,Sep 10,SEC Jamboree #1 (Junior Varsity),https://www.athletic.net/CrossCountry/meet/238311,,26322046.jpg
Jackson Cichewicz,46 ,,19:19.5,Sep 14,56th Holly-Duane Raffin Festival of Races (D1 JV Boys),https://www.athletic.net/CrossCountry/meet/236072,Super strong start! We'll work on keeping that energy the whole race.,26322046.jpg
Jackson Cichewicz,30 ,,20:06.9,Sep 24,SEC-HS Jamboree #2 (Red) (Reserve Boys),https://www.athletic.net/CrossCountry/meet/238857,Way to stay focused during the race! Keep that mindset for the next one.,26322046.jpg

