Joowon Lee
23349696


Name,Overall Place,Grade,Time,Date,Meet,Meet URL,Comments,Photo
Joowon Lee,2024,9,20:55.2PR,No URL found,"Well, you didn’t set a world record, but you definitely set a team snack record!",23349696.jpg,,
Joowon Lee,78 ,,20:55.2PR,Sep 7,Bret Clements Bath Invitational (J.V.),https://www.athletic.net/CrossCountry/meet/236875,You were flying today! Keep up that momentum!,23349696.jpg
Joowon Lee,51 ,,21:49.6,Sep 10,SEC Jamboree #1 (Junior Varsity),https://www.athletic.net/CrossCountry/meet/238311,Your pacing was solid today. Let's focus on maintaining it throughout the race.,23349696.jpg
Joowon Lee,57 ,,21:25.1,Sep 24,SEC-HS Jamboree #2 (Red) (Reserve Boys),https://www.athletic.net/CrossCountry/meet/238857,Fantastic run! Let's keep building on this for the next race.,23349696.jpg

