Lawrence Wang
26460421


Name,Overall Place,Grade,Time,Date,Meet,Meet URL,Comments,Photo
Lawrence Wang,2024,9,24:33.9PR,No URL found,,26460421.jpg,,
Lawrence Wang,186 ,,25:52.6,Sep 7,Bret Clements Bath Invitational (J.V.),https://www.athletic.net/CrossCountry/meet/236875,,26460421.jpg
Lawrence Wang,117 ,,26:01.5,Sep 10,SEC Jamboree #1 (Junior Varsity),https://www.athletic.net/CrossCountry/meet/238311,"I think you might've outrun the course map! Keep it up, and we’ll need GPS tracking.",26460421.jpg
Lawrence Wang,102 ,,24:33.9PR,Sep 24,SEC-HS Jamboree #2 (Red) (Reserve Boys),https://www.athletic.net/CrossCountry/meet/238857,Super strong start! We'll work on keeping that energy the whole race.,26460421.jpg

