Oskar MacArthur
23349698


Name,Overall Place,Grade,Time,Date,Meet,Meet URL,Comments,Photo
Oskar MacArthur,2024,9,17:11.7PR,No URL found,Your pacing was solid today. Let's focus on maintaining it throughout the race.,23349698.jpg,,
Oskar MacArthur,58 ,,18:37.5,Aug 29,37th Early Bird Open (HS Open 5K),https://www.athletic.net/CrossCountry/meet/235827,"That was a great race! Next time, try running *on* the path though.",23349698.jpg
Oskar MacArthur,51 ,,18:06.0,Sep 7,Bret Clements Bath Invitational (Class 1),https://www.athletic.net/CrossCountry/meet/236875,,23349698.jpg
Oskar MacArthur,54 ,,18:36.7,Sep 10,SEC Jamboree #1 (Varsity),https://www.athletic.net/CrossCountry/meet/238311,Way to stay focused during the race! Keep that mindset for the next one.,23349698.jpg
Oskar MacArthur,6 ,,17:57.7,Sep 14,56th Holly-Duane Raffin Festival of Races (D1 JV Boys),https://www.athletic.net/CrossCountry/meet/236072,,23349698.jpg
Oskar MacArthur,105 ,,17:11.7PR,Sep 21,Jackson Invitational (Orange Division (1000 + enrolment)),https://www.athletic.net/CrossCountry/meet/236877,I blinked and missed the first half of your race! That was quick!,23349698.jpg
Oskar MacArthur,22 ,,17:39.4,Sep 24,SEC-HS Jamboree #2 (Red) (Varsity Boys),https://www.athletic.net/CrossCountry/meet/238857,,23349698.jpg

