Roman Stilwell
25989957


Name,Overall Place,Grade,Time,Date,Meet,Meet URL,Comments,Photo
Roman Stilwell,2024,9,18:57.1PR,No URL found,"You really pushed hard in that final mile, awesome finish!",25989957.jpg,,
Roman Stilwell,22 ,,19:06.6,Sep 7,Bret Clements Bath Invitational (J.V.),https://www.athletic.net/CrossCountry/meet/236875,Fantastic run! Let's keep building on this for the next race.,25989957.jpg
Roman Stilwell,-- ,,,Sep 10,SEC Jamboree #1 (Junior Varsity),https://www.athletic.net/CrossCountry/meet/238311,"You really pushed hard in that final mile, awesome finish!",25989957.jpg
Roman Stilwell,33 ,,18:57.1PR,Sep 14,56th Holly-Duane Raffin Festival of Races (D1 JV Boys),https://www.athletic.net/CrossCountry/meet/236072,,25989957.jpg
Roman Stilwell,17 ,,19:06.6,Sep 24,SEC-HS Jamboree #2 (Red) (Reserve Boys),https://www.athletic.net/CrossCountry/meet/238857,"Nice work! By the way, you know this is a race, not a scenic tour, right?",25989957.jpg

