Sage O'Lor
26322021


Name,Overall Place,Grade,Time,Date,Meet,Meet URL,Comments,Photo
Sage O'Lor,2024,9,22:22.3PR,No URL found,Great run! If only we could bottle that energy for Monday mornings.,26322021.jpg,,
Sage O'Lor,248 ,,23:51.4,Aug 29,37th Early Bird Open (HS Open 5K),https://www.athletic.net/CrossCountry/meet/235827,,26322021.jpg
Sage O'Lor,117 ,,22:22.3PR,Sep 7,Bret Clements Bath Invitational (J.V.),https://www.athletic.net/CrossCountry/meet/236875,You were flying today! Keep up that momentum!,26322021.jpg
Sage O'Lor,-- ,,,Sep 10,SEC Jamboree #1 (Junior Varsity),https://www.athletic.net/CrossCountry/meet/238311,Nice job! You really finished strong.,26322021.jpg

